USE MASTER
GO

IF EXISTS(SELECT * from sys.databases WHERE name = 'dbLibrary')
	DROP database dbLibrary
GO

CREATE DATABASE dbLibrary
GO

USE dbLibrary
GO

CREATE TABLE BOOK
	(
	BookId INT PRIMARY KEY,
	Title varchar(75) NOT NULL,
	PublisherName varchar(50) NOT NULL
	)
GO

INSERT INTO BOOK
	VALUES
	(1,'The Lost Tribe','Quirk Books'),
	(2,'It','Viking'),
	(3,'Treatise of Ships','Peter Owen Publishers'),
	(4,'The Shining','Doubleday'),
	(5,'Voyages of Arencel Hadracir','Pantheon Books at Random House'),
	(6,'The Stand','Doubleday'),
	(7,'History of Brewing','Osprey Publishing'),
	(8,'Misery','Viking'),
	(9,'Journeys of Saydia of Gothmoor','Progress Publishers'),
	(10,'History of Dancing','Viking'),
	(11,'Lexicon on Forbidden Magic','Doubleday'),
	(12,'Tome of Sorcery','City Lights Publishers'),
	(13,'Agpad the Elder’s Grimoire of Necromancy','NavPress'),
	(14,'History of Sewing','Bella Books'),
	(15,'The Life of Kaor Alfatr the II','Pecan Grove Press'),
	(16,'History of Conjuring','Carlton Books UK'),
	(17,'The Life of Galos','Viking'),
	(18,'Book of Eastern Religion','Hogarth Press'),
	(19,'Codex on Undead Lore','Yale University Press'),
	(20,'Tome of Dragons','Nauka'),
	(21,'Travels of Igniwug Belir','Pecan Grove Press'),
	(22,' TheTome of the Adani Culture','Breslov Research Institute'),
	(23,'The Life of Raikos the I','Nauka'),
	(24,'The Life of Famir Belsil the Red','Wesleyan University Press'),
	(25,'The Life of Noclos','Osprey Publishing'),
	(26,'Tales of Erotic Poetry','City Lights Publishers'),
	(27,'Tales on Western Temples','Island Press'),
	(28,'TheGuide of Sewing','LPI Media'),
	(29,'Lexicon on the Varghani Culture','Bella Books'),
	(30,'Larwug Alfora the Great’s Tome on Western Temples','Doubleday'),
	(31,'The Life of Zavan Dammur the Elder','Wesleyan University Press'),
	(32,' History of Hassitic Architecture','Viking'),
	(33,'History of Necromancy','Carlton Books UK'),
	(34,'History of the Stars','Poisoned Pen Press'),
	(35,'History of Heraldry','Hogarth Press'),
	(36,'Treatise on Wizardry','Viking'),
	(37,'Book on Elven History','Nauka'),
	(38,'The Life of Kyramor Cornare','Breslov Research Institute'),
	(39,'Travels of Tirlum of Ilmara','Wesleyan University Press'),
	(40,'Tales of Runes','Quirk Books'),
	(41,'TheWritings of Conjuring','Yale University Press'),
	(42,' TheTreatise on Poisons','Poisoned Pen Press'),
	(43,'History of Elven History','Quirk Books'),
	(44,'Travels of Sayos','NavPress'),
	(45,'Lexicon on Wizardry','Breslov Research Institute'),
	(46,'Compendium on the Stars','Virgin Publishing'),
	(47,'History of Hassitic Architecture','Island Press'),
	(48,'TheFolio on Warfare','LPI Media'),
	(49,'Folio on Southern Cults','Quirk Books'),
	(50,'Journeys of Fanala of Ulthia','Wesleyan University Press'),
	(51,'TheCyclopidia on Sewing','Liberty Fund'),
	(52,'History of Eastern Religion','Wesleyan University Press'),
	(53,'History of Dwarven History','Liberty Fund'),
	(54,'Book of Dark Gods','Viking'),
	(55,'History of the Hassitic Culture','Hogarth Press'),
	(56,'TheCompendium of the Sea','Virgin Publishing'),
	(57,'TheCodex on Unholy Rites','Hogarth Press'),
	(58,'History of Ships','Wesleyan University Press'),
	(59,'TheFolio on Dark Gods','City Lights Publishers'),
	(60,'History of Alchemy','Yale University Press'),
	(61,'History of Sorcery','Yale University Press'),
	(62,'Rowus Hesela the White’s Tales of Heraldry','Breslov Research Institute'),
	(63,'TheWritings on Poisons','NavPress'),
	(64,'History of Law','Pantheon Books at Random House'),
	(65,'Folio on Ancient Religion','Peter Owen Publishers'),
	(66,'Writings of Eastern Religion','Progress Publishers'),
	(67,'Treatise on Poisons','Poisoned Pen Press'),
	(68,'The Life of Dalibyraren the IV','Daedalus Publishing'),
	(69,'Brala the III’s Cyclopidia on Poetry','Virgin Publishing'),
	(70,'History of the Sea','Breslov Research Institute'),
	(71,'History of Assassination','Wesleyan University Press'),
	(72,'Odimar Altas the Blue’s Folio on Eastern Religion','Quirk Books'),
	(73,'Hagalgith Sayir’s Cyclopidia of Assassination','Progress Publishers'),
	(74,'History of Herbs','NavPress'),
	(75,'TheGrimoire of Brewing','City Lights Publishers'),
	(76,'TheTome on the Marrish Culture','Poisoned Pen Press'),
	(77,'Journeys of Matzar the Great','Eel Pie Publishing'),
	(78,'Compendium on Dancing','Pecan Grove Press'),
	(79,'TheFolio on Unholy Rites','Yale University Press'),
	(80,'Journeys of Rowkel','Eel Pie Publishing'),
	(81,'Eddabar Talacir the Mad’s Tales of Necromancy','Quirk Books'),
	(82,'The Life of Banaren the Magnificent','Pantheon Books at Random House'),
	(83,'The Life of Dammir of Damaristan','LPI Media'),
	(84,'Treatise of Ancient Religion','Liberty Fund'),
	(85,'History of Sorcery','Doubleday'),
	(86,'Damarter Dalius the Humble’s Folio of Forbidden Magic','Lionel Leventhal'),
	(87,'The Life of Lyre Damyara the I','Quirk Books'),
	(88,'TheCyclopidia on Marrish Architecture','Lionel Leventhal'),
	(89,'Voyages of Belira of Zeldora','Yale University Press'),
	(90,'Talaatr the II’s Compendium of Brewing','Hogarth Press'),
	(91,'The Life of Malus the Red','Wesleyan University Press'),
	(92,'The Life of Selradas the Magnificent','Poisoned Pen Press'),
	(93,'Codex of Herbs','Lionel Leventhal'),
	(94,'Lyre the Grey’s Tales on Elven History','Pecan Grove Press'),
	(95,'The Life of Arencel the Grey','Progress Publishers'),
	(96,'History of Sewing','Poisoned Pen Press'),
	(97,'History of Dwarven History','Nauka'),
	(98,'Voyages of Ippamar','Osprey Publishing'),
	(99,'Book on Erotic Poetry','Poisoned Pen Press'),
	(100,'History of Erotic Poetry','Osprey Publishing'),
	(101,'Agplen Crisos the II’s Book of Warfare','Viking'),
	(102,'Travels of Wyrayth','Osprey Publishing'),
	(103,'The Life of Seldor of Shesada','NavPress'),
	(104,'The Life of Wermer the Vile','Eel Pie Publishing'),
	(105,'The Life of Arengath the Pious','Osprey Publishing'),
	(106,'Grimoire of Sorcery','Yale University Press'),
	(107,'Codex of the Varghani Culture','Carlton Books UK'),
	(108,'Travels of Agla Vidagath','Virgin Publishing'),
	(109,'Banplen Damnare the Blue’s Codex on Dark Gods','Wesleyan University Press'),
	(110,'Unnna’s Lexicon on Warfare','Yale University Press'),
	(111,'Cyclopidia on Hassitic Architecture','Liberty Fund'),
	(112,'TheGrimoire on Sewing','Quirk Books'),
	(113,'The Life of Dagsar','Viking'),
	(114,'Travels of Unatr the III','LPI Media'),
	(115,'Compendium of Runes','LPI Media'),
	(116,'History of the Adani Culture','Virgin Publishing'),
	(117,'Journeys of Vidahisa of the Wood','Hogarth Press'),
	(118,'Wyrgath of Zeldora’s Lexicon on Law','NavPress'),
	(119,'TheWritings of Daemonology','Island Press'),
	(120,'The Life of Damaror Vidamyr the III','NavPress'),
	(121,'Book of the Marrish Culture','Pecan Grove Press'),
	(122,'Book of Southern Cults','Wesleyan University Press'),
	(123,'History of Cooking','Quirk Books'),
	(124,'The Life of Almyr Hagalla','NavPress'),
	(125,'TheTreatise of Eastern Religion','Carlton Books UK'),
	(126,'History of Astrology','Doubleday'),
	(127,'Journeys of Unnmyr the Younger','Breslov Research Institute'),
	(128,'The Life of Fahisa Bucter the Pious','Doubleday'),
	(129,'Arenurr Damarisdia the II’s Grimoire of Eastern Religion','Virgin Publishing'),
	(130,'History of Heraldry','Quirk Books'),
	(131,'Arypen Gravbin the Red’s Cyclopidia on Conjuring','Viking'),
	(132,'The Life of Wyrvyr Zapas','Liberty Fund'),
	(133,'Writings of Undead Lore','Lionel Leventhal'),
	(134,'TheTreatise on Ancient Empires','Eel Pie Publishing'),
	(135,'The Life of Stallos the Magnificent','Virgin Publishing'),
	(136,'TheFolio on Eastern Religion','Nauka'),
	(137,'Journeys of Banurawug Tirroth','LPI Media'),
	(138,'The Life of Maldia the Unwashed','City Lights Publishers'),
	(139,'TheCompendium on Ancient History','Quirk Books'),
	(140,'Raimer of Talismarr’s Grimoire on Western Temples','Virgin Publishing'),
	(141,'Codex on Brewing','LPI Media'),
	(142,'TheFolio on the Hassitic Culture','Pantheon Books at Random House'),
	(143,'The Life of Dragayara Benna','Wesleyan University Press'),
	(144,'History of Heraldry','Lionel Leventhal'),
	(145,'History of Warfare','Virgin Publishing'),
	(146,'TheGrimoire on Law','Virgin Publishing'),
	(147,'Treatise on Forbidden Magic','Liberty Fund'),
	(148,'The Life of Kador the Humble','Nauka'),
	(149,'The Life of Benmas Ignila the Mad','Peter Owen Publishers'),
	(150,'Voyages of Hesmoor the Pious','Island Press'),
	(151,'History of Runes','City Lights Publishers'),
	(152,'TheLexicon of Southern Cults','Progress Publishers'),
	(153,'TheCyclopidia on the Adani Culture','LPI Media'),
	(154,'Folio on Marrish Architecture','Wesleyan University Press'),
	(155,'History of Heraldry','Progress Publishers'),
	(156,'Writings of Heraldry','Yale University Press'),
	(157,'Tales of Warfare','City Lights Publishers'),
	(158,'Cyclopidia on the Heavens','Island Press'),
	(159,'Lexicon on Elven History','Breslov Research Institute'),
	(160,'Bankel of Ulthia’s Book on Erotic Poetry','Pantheon Books at Random House'),
	(161,'History of Dragons','Progress Publishers'),
	(162,'TheFolio of Artifacts and Relics','Lionel Leventhal'),
	(163,'The Life of Odibin Faar','Virgin Publishing'),
	(164,'TheFolio of Sewing','Wesleyan University Press'),
	(165,'Gaula of Ziyiri’s Writings of Undead Lore','Nauka'),
	(166,'Voyages of Selpon of Gothmoor','Yale University Press'),
	(167,'The Life of Daliwa the I','Daedalus Publishing'),
	(168,'Cyclopidia of Undead Lore','Virgin Publishing'),
	(169,'History of Assassination','Progress Publishers'),
	(170,'History of Ancient Empires','Virgin Publishing'),
	(171,'TheCodex on Northern Faiths','Bella Books'),
	(172,'The Life of Tirvanrya Damayth the Learned','Poisoned Pen Press'),
	(173,'The Life of Famar of the Hills','Yale University Press'),
	(174,'Treatise of Law','Poisoned Pen Press'),
	(175,'TheTales of Varghani Architecture','Carlton Books UK'),
	(176,'The Life of Damarhisa of Ziyiri','NavPress'),
	(177,'TheWritings on Dwarven History','City Lights Publishers'),
	(178,'TheTales on Runes','Breslov Research Institute'),
	(179,'Tales of Undead Lore','Doubleday'),
	(180,'The Life of Olafor Yaros the III','Quirk Books'),
	(181,'Journeys of Annapyr','Doubleday'),
	(182,'Folio of Ancient Religion','Quirk Books'),
	(183,'Folio of Artifacts and Relics','Nauka'),
	(184,'TheTreatise of Artifacts and Relics','Lionel Leventhal'),
	(185,'Journeys of Gravera Tirmyr','Quirk Books'),
	(186,'Voyages of Fanacan of Ashford','Osprey Publishing'),
	(187,'The Life of Selar the Pious','Lionel Leventhal'),
	(188,'History of the Varghani Culture','Virgin Publishing'),
	(189,'TheGrimoire on Undead Lore','Nauka'),
	(190,'TheTreatise on Ships','Virgin Publishing'),
	(191,'Grimoire of the Adani Culture','Nauka'),
	(192,'History of Conjuring','Pantheon Books at Random House'),
	(193,'Codex of Daemonology','Breslov Research Institute'),
	(194,'Journeys of Dages the Unwashed','Eel Pie Publishing'),
	(195,'Grimoire on Elven Poetry','Lionel Leventhal'),
	(196,'The Life of Larla','Osprey Publishing'),
	(197,'The Life of Selmur the Learned','Wesleyan University Press'),
	(198,'TheFolio of Illusionism','Daedalus Publishing'),
	(199,'TheTales on Wizardry','Yale University Press'),
	(200,'TheTreatise on Necromancy','LPI Media')
GO

CREATE TABLE BOOK_AUTHORS
	(
	BookId int PRIMARY KEY,
	AuthorName varchar(40)
	)
GO

INSERT INTO BOOK_AUTHORS
	VALUES
	(1,'Mark Freeman'),
	(2,'Stephen King'),
	(3,'Deborah Graves'),
	(4,'Stephen King'),
	(5,'Dora Reed'),
	(6,'Stephen King'),
	(7,'Lori Holt'),
	(8,'Stephen King'),
	(9,'Debra Rodriguez'),
	(10,'Spencer Bishop'),
	(11,'Candace Hill'),
	(12,'Whitney Dixon'),
	(13,'Darryl Chavez'),
	(14,'Kenneth Floyd'),
	(15,'Claire Ferguson'),
	(16,'Jamie Fernandez'),
	(17,'Bonnie Clayton'),
	(18,'Crystal Huff'),
	(19,'Gloria Morris'),
	(20,'Conrad Wells'),
	(21,'Dave Barnett'),
	(22,'Roy Perry'),
	(23,'Maryann Jenkins'),
	(24,'Chelsea Gonzales'),
	(25,'Rose Lyons'),
	(26,'Tracy Tucker'),
	(27,'Camille Dawson'),
	(28,'Calvin Fletcher'),
	(29,'Jackie Park'),
	(30,'Ismael Allen'),
	(31,'Marsha Garner'),
	(32,'Juan Briggs'),
	(33,'Donnie Sherman'),
	(34,'Julius Hines'),
	(35,'Roland Coleman'),
	(36,'Ricardo Lynch'),
	(37,'Maggie Griffith'),
	(38,'Neil Singleton'),
	(39,'Mona Fowler'),
	(40,'Casey Bridges'),
	(41,'Tricia Webster'),
	(42,'Frankie Walton')
GO

CREATE TABLE PUBLISHER
	(
	PublisherName varchar(50) PRIMARY KEY NOT NULL,
	Address varchar (90),
	Phone varchar(20)	
	)
GO

INSERT INTO PUBLISHER
	VALUES
	('Bella Books','246 Penn Drive , Chesapeake, VA 23320','560-608-1079'),
	('Carlton Books UK','873 Warren Street , Lockport, NY 14094','826-524-0818'),
	('Breslov Research Institute','8195 Rockville Ave. , Christiansburg, VA 24073','605-974-2150'),
	('Hogarth Press','3 Whitemarsh St. , Delray Beach, FL 33445','464-057-0005'),
	('NavPress','714 South Nicolls Avenue , Clifton, NJ 07011','675-637-3017'),
	('Eel Pie Publishing','6 Military Court , Middletown, CT 06457','698-873-7195'),
	('Yale University Press','9809 Wild Rose Road , Delray Beach, FL 33445','316-112-0032'),
	('Virgin Publishing','524 Riverview Street , La Porte, IN 46350','557-677-6323'),
	('Daedalus Publishing','35 Westport Lane , Natchez, MS 39120','846-146-5235'),
	('Doubleday','9 North Coffee Ave. , North Haven, CT 06473','200-122-0876'),
	('Poisoned Pen Press','7542 Amerige Dr. , Aiken, SC 29803','373-110-1300'),
	('Osprey Publishing','548 Wagon St. , Honolulu, HI 96815','582-785-2735'),
	('Island Press','7072 2nd Dr. , Washington, PA 15301','483-964-5872'),
	('Quirk Books','7761 Longbranch Dr. , Southampton, PA 18966','714-131-2985'),
	('Viking','9794 Sierra Rd. , Norman, OK 73072','550-474-0688'),
	('City Lights Publishers','9621 Wellington Rd. , Salisbury, MD 21801','140-943-9357'),
	('Peter Owen Publishers','9265 Summit St. , Frederick, MD 21701','161-727-3960'),
	('LPI Media','50 Spring St. , Leland, NC 28451','477-732-1414'),
	('Pecan Grove Press','77 Brickyard Dr. , Christiansburg, VA 24073','177-020-2250'),
	('Lionel Leventhal','92 Elmwood Street , West Warwick, RI 02893','651-573-2984'),
	('New American Library','8384 North Spring Street , Fairmont, WV 26554','345-658-7667'),
	('Liberty Fund','7569 Harvard Lane , Maspeth, NY 11378','528-569-8783'),
	('Wesleyan University Press','78 Bowman Rd. , Dacula, GA 30019','151-822-0125'),
	('Pantheon Books at Random House','12 Walnut St. , Akron, OH 44312','764-604-1676'),
	('Nauka','794 Augusta Drive , Marlton, NJ 08053','314-992-5767'),
	('Progress Publishers','579 Livingston Lane , Methuen, MA 01844','777-023-4234')
GO

CREATE TABLE BOOK_COPIES
	(
	BookId int NOT NULL,
	BranchId int NOT NULL,
	No_Of_Copies int
	)
GO

INSERT INTO BOOK_COPIES
	VALUES
	(1,1,12),
	(2,1,12),
	(3,1,11),
	(4,1,3),
	(5,1,4),
	(6,1,3),
	(7,1,7),
	(8,1,4),
	(9,1,7),
	(10,1,3),
	(11,1,3),
	(12,1,2),
	(13,1,13),
	(14,1,2),
	(15,1,10),
	(16,1,3),
	(17,1,6),
	(18,1,16),
	(19,1,8),
	(20,1,9),
	(21,1,3),
	(22,1,6),
	(23,1,2),
	(24,1,7),
	(25,1,8),
	(26,1,3),
	(27,1,7),
	(28,1,7),
	(29,1,3),
	(30,1,5),
	(31,1,3),
	(32,1,7),
	(33,1,4),
	(34,1,11),
	(35,1,3),
	(36,1,3),
	(37,1,10),
	(38,1,2),
	(39,1,4),
	(40,1,12),
	(41,1,5),
	(42,1,5),
	(43,1,2),
	(44,1,14),
	(45,1,3),
	(46,1,2),
	(47,1,8),
	(48,1,12),
	(49,1,9),
	(50,1,4),
	(51,1,2),
	(52,1,2),
	(53,1,6),
	(54,1,4),
	(55,1,6),
	(56,1,2),
	(57,1,6),
	(58,1,13),
	(59,1,2),
	(60,1,7),
	(62,1,6),
	(63,1,8),
	(64,1,14),
	(65,1,7),
	(66,1,3),
	(67,1,3),
	(68,1,4),
	(69,1,3),
	(70,1,15),
	(71,1,10),
	(72,1,2),
	(73,1,5),
	(74,1,17),
	(75,1,11),
	(76,1,5),
	(77,1,21),
	(78,1,16),
	(79,1,16),
	(80,1,10),
	(81,1,6),
	(82,1,2),
	(83,1,2),
	(84,1,8),
	(85,1,3),
	(86,1,2),
	(87,1,3),
	(88,1,17),
	(89,1,2),
	(90,1,13),
	(91,1,4),
	(92,1,2),
	(93,1,5),
	(94,1,2),
	(95,1,4),
	(96,1,4),
	(97,1,2),
	(98,1,2),
	(99,1,3),
	(100,1,10),
	(101,1,4),
	(102,1,3),
	(103,1,10),
	(104,1,2),
	(105,1,4),
	(106,1,13),
	(107,1,14),
	(108,1,10),
	(109,1,2),
	(110,1,3),
	(111,1,5),
	(112,1,11),
	(113,1,17),
	(114,1,2),
	(115,1,2),
	(116,1,8),
	(117,1,6),
	(118,1,2),
	(119,1,13),
	(120,1,6),
	(121,1,2),
	(122,1,14),
	(123,1,5),
	(124,1,12),
	(125,1,3),
	(126,1,6),
	(127,1,3),
	(128,1,10),
	(129,1,5),
	(130,1,3),
	(131,1,2),
	(132,1,4),
	(133,1,10),
	(134,1,3),
	(135,1,10),
	(136,1,17),
	(137,1,2),
	(138,1,11),
	(139,1,3),
	(140,1,11),
	(141,1,17),
	(142,1,2),
	(143,1,7),
	(144,1,2),
	(145,1,2),
	(146,1,8),
	(147,1,8),
	(148,1,9),
	(149,1,12),
	(150,1,5),
	(151,1,8),
	(152,1,7),
	(153,1,4),
	(154,1,9),
	(155,1,4),
	(156,1,4),
	(157,1,19),
	(158,1,19),
	(159,1,2),
	(160,1,5),
	(161,1,18),
	(162,1,15),
	(163,1,6),
	(165,1,16),
	(166,1,14),
	(167,1,12),
	(168,1,7),
	(169,1,10),
	(170,1,5),
	(171,1,3),
	(172,1,9),
	(173,1,7),
	(174,1,5),
	(176,1,3),
	(177,1,6),
	(178,1,4),
	(179,1,5),
	(180,1,14),
	(181,1,17),
	(182,1,7),
	(183,1,2),
	(184,1,21),
	(185,1,5),
	(186,1,2),
	(187,1,2),
	(188,1,3),
	(189,1,3),
	(190,1,10),
	(192,1,3),
	(193,1,9),
	(194,1,4),
	(195,1,6),
	(196,1,8),
	(197,1,12),
	(198,1,16),
	(199,1,4),
	(200,1,2),
	(1,2,2),
	(2,2,4),
	(3,2,2),
	(4,2,7),
	(5,2,4),
	(6,2,4),
	(7,2,9),
	(8,2,4),
	(9,2,4),
	(10,2,6),
	(11,2,8),
	(12,2,2),
	(13,2,3),
	(14,2,6),
	(15,2,9),
	(16,2,12),
	(17,2,5),
	(18,2,6),
	(19,2,9),
	(21,2,6),
	(22,2,3),
	(23,2,7),
	(24,2,2),
	(25,2,2),
	(26,2,4),
	(27,2,14),
	(28,2,14),
	(29,2,14),
	(30,2,2),
	(31,2,2),
	(32,2,5),
	(33,2,17),
	(34,2,11),
	(35,2,3),
	(36,2,3),
	(37,2,5),
	(38,2,14),
	(39,2,3),
	(40,2,14),
	(41,2,3),
	(42,2,4),
	(43,2,14),
	(44,2,2),
	(45,2,7),
	(46,2,18),
	(47,2,5),
	(48,2,5),
	(49,2,4),
	(50,2,8),
	(51,2,19),
	(52,2,10),
	(53,2,2),
	(54,2,20),
	(55,2,18),
	(56,2,6),
	(57,2,11),
	(58,2,6),
	(59,2,7),
	(60,2,4),
	(61,2,2),
	(62,2,2),
	(63,2,7),
	(64,2,7),
	(65,2,7),
	(66,2,20),
	(67,2,2),
	(69,2,11),
	(70,2,3),
	(71,2,6),
	(72,2,2),
	(73,2,2),
	(74,2,5),
	(75,2,7),
	(76,2,12),
	(77,2,5),
	(78,2,8),
	(79,2,13),
	(80,2,2),
	(81,2,8),
	(82,2,11),
	(83,2,6),
	(84,2,7),
	(85,2,8),
	(86,2,7),
	(87,2,2),
	(88,2,2),
	(89,2,4),
	(90,2,4),
	(91,2,2),
	(92,2,6),
	(95,2,10),
	(97,2,5),
	(98,2,4),
	(99,2,4),
	(100,2,20),
	(102,2,8),
	(103,2,14),
	(104,2,5),
	(105,2,2),
	(106,2,16),
	(107,2,3),
	(108,2,4),
	(109,2,11),
	(110,2,3),
	(111,2,3),
	(112,2,3),
	(113,2,16),
	(114,2,2),
	(115,2,3),
	(116,2,2),
	(117,2,3),
	(118,2,3),
	(119,2,10),
	(120,2,4),
	(121,2,5),
	(122,2,3),
	(123,2,14),
	(124,2,16),
	(125,2,2),
	(127,2,20),
	(128,2,8),
	(129,2,8),
	(130,2,3),
	(131,2,13),
	(132,2,11),
	(133,2,5),
	(134,2,6),
	(135,2,12),
	(136,2,3),
	(137,2,15),
	(138,2,18),
	(139,2,6),
	(140,2,3),
	(141,2,3),
	(142,2,8),
	(143,2,3),
	(144,2,7),
	(145,2,4),
	(146,2,7),
	(147,2,12),
	(148,2,2),
	(149,2,2),
	(150,2,2),
	(151,2,13),
	(152,2,7),
	(153,2,13),
	(154,2,2),
	(155,2,10),
	(156,2,11),
	(157,2,7),
	(158,2,16),
	(159,2,5),
	(160,2,15),
	(161,2,7),
	(162,2,16),
	(163,2,2),
	(164,2,3),
	(165,2,2),
	(167,2,6),
	(168,2,5),
	(169,2,2),
	(170,2,6),
	(171,2,10),
	(172,2,14),
	(173,2,11),
	(174,2,6),
	(175,2,8),
	(176,2,2),
	(177,2,3),
	(178,2,5),
	(179,2,9),
	(180,2,3),
	(181,2,8),
	(182,2,2),
	(183,2,18),
	(184,2,4),
	(185,2,4),
	(186,2,6),
	(187,2,8),
	(188,2,11),
	(189,2,19),
	(190,2,13),
	(191,2,5),
	(192,2,8),
	(195,2,6),
	(196,2,3),
	(197,2,10),
	(198,2,3),
	(199,2,3),
	(200,2,8),
	(1,3,13),
	(2,3,4),
	(3,3,14),
	(4,3,5),
	(5,3,2),
	(6,3,4),
	(7,3,4),
	(8,3,2),
	(9,3,9),
	(10,3,14),
	(11,3,2),
	(12,3,11),
	(13,3,16),
	(14,3,4),
	(15,3,12),
	(16,3,3),
	(17,3,4),
	(18,3,2),
	(19,3,10),
	(20,3,7),
	(21,3,5),
	(22,3,2),
	(23,3,4),
	(24,3,2),
	(25,3,4),
	(26,3,2),
	(27,3,2),
	(29,3,6),
	(30,3,6),
	(31,3,6),
	(32,3,2),
	(33,3,3),
	(34,3,8),
	(35,3,5),
	(36,3,18),
	(37,3,7),
	(38,3,19),
	(39,3,13),
	(40,3,10),
	(41,3,2),
	(42,3,19),
	(44,3,10),
	(45,3,3),
	(46,3,2),
	(48,3,2),
	(49,3,2),
	(50,3,2),
	(51,3,4),
	(52,3,10),
	(53,3,10),
	(54,3,4),
	(55,3,14),
	(56,3,8),
	(58,3,4),
	(59,3,4),
	(60,3,8),
	(61,3,6),
	(62,3,5),
	(63,3,2),
	(64,3,15),
	(65,3,3),
	(66,3,16),
	(67,3,12),
	(68,3,14),
	(69,3,8),
	(70,3,2),
	(71,3,4),
	(72,3,14),
	(73,3,2),
	(74,3,3),
	(75,3,15),
	(76,3,2),
	(77,3,2),
	(78,3,3),
	(79,3,2),
	(80,3,8),
	(81,3,2),
	(82,3,13),
	(83,3,5),
	(84,3,2),
	(85,3,11),
	(86,3,4),
	(87,3,8),
	(88,3,2),
	(89,3,4),
	(90,3,5),
	(91,3,6),
	(92,3,5),
	(93,3,7),
	(94,3,10),
	(95,3,6),
	(96,3,5),
	(97,3,7),
	(98,3,5),
	(99,3,3),
	(100,3,11),
	(101,3,4),
	(102,3,2),
	(103,3,4),
	(104,3,2),
	(105,3,11),
	(106,3,3),
	(107,3,17),
	(109,3,5),
	(110,3,12),
	(111,3,15),
	(112,3,5),
	(113,3,4),
	(114,3,4),
	(115,3,23),
	(116,3,7),
	(117,3,2),
	(118,3,3),
	(119,3,5),
	(120,3,2),
	(121,3,15),
	(122,3,2),
	(124,3,8),
	(125,3,3),
	(127,3,17),
	(128,3,14),
	(129,3,15),
	(130,3,4),
	(131,3,12),
	(132,3,3),
	(133,3,3),
	(135,3,3),
	(136,3,9),
	(137,3,10),
	(138,3,10),
	(139,3,8),
	(140,3,3),
	(141,3,14),
	(143,3,9),
	(144,3,2),
	(145,3,8),
	(146,3,5),
	(147,3,12),
	(148,3,8),
	(149,3,2),
	(150,3,3),
	(151,3,10),
	(152,3,6),
	(153,3,4),
	(154,3,10),
	(155,3,2),
	(156,3,3),
	(157,3,8),
	(158,3,5),
	(159,3,13),
	(160,3,5),
	(161,3,15),
	(162,3,7),
	(163,3,5),
	(164,3,15),
	(165,3,13),
	(166,3,11),
	(167,3,8),
	(168,3,2),
	(169,3,3),
	(170,3,5),
	(171,3,5),
	(173,3,8),
	(174,3,4),
	(175,3,9),
	(176,3,4),
	(177,3,3),
	(178,3,9),
	(179,3,4),
	(180,3,17),
	(181,3,2),
	(182,3,16),
	(184,3,8),
	(185,3,2),
	(186,3,16),
	(187,3,13),
	(188,3,19),
	(189,3,3),
	(190,3,17),
	(191,3,10),
	(192,3,12),
	(193,3,14),
	(194,3,2),
	(195,3,13),
	(196,3,2),
	(197,3,5),
	(199,3,4),
	(200,3,2),
	(1,4,5),
	(3,4,3),
	(4,4,2),
	(5,4,5),
	(6,4,5),
	(7,4,3),
	(8,4,10),
	(9,4,2),
	(10,4,5),
	(11,4,8),
	(12,4,4),
	(13,4,10),
	(14,4,3),
	(15,4,10),
	(16,4,8),
	(17,4,4),
	(18,4,11),
	(19,4,2),
	(20,4,2),
	(21,4,2),
	(22,4,7),
	(23,4,6),
	(24,4,2),
	(25,4,2),
	(26,4,7),
	(27,4,9),
	(28,4,13),
	(30,4,2),
	(31,4,2),
	(32,4,22),
	(33,4,5),
	(34,4,3),
	(35,4,5),
	(36,4,10),
	(37,4,6),
	(38,4,11),
	(39,4,6),
	(40,4,8),
	(41,4,5),
	(42,4,6),
	(43,4,6),
	(45,4,12),
	(47,4,8),
	(48,4,8),
	(49,4,10),
	(50,4,8),
	(52,4,3),
	(53,4,3),
	(54,4,13),
	(55,4,19),
	(56,4,9),
	(57,4,4),
	(58,4,19),
	(59,4,14),
	(60,4,19),
	(61,4,4),
	(62,4,7),
	(63,4,15),
	(64,4,16),
	(65,4,2),
	(66,4,2),
	(67,4,11),
	(68,4,10),
	(69,4,4),
	(71,4,12),
	(72,4,4),
	(73,4,10),
	(74,4,2),
	(75,4,3),
	(76,4,3),
	(77,4,2),
	(78,4,6),
	(79,4,2),
	(80,4,16),
	(81,4,2),
	(82,4,6),
	(83,4,4),
	(84,4,3),
	(85,4,2),
	(86,4,14),
	(87,4,13),
	(88,4,4),
	(89,4,4),
	(90,4,16),
	(92,4,5),
	(93,4,15),
	(94,4,4),
	(95,4,7),
	(96,4,3),
	(97,4,9),
	(98,4,6),
	(99,4,3),
	(100,4,3),
	(101,4,3),
	(102,4,10),
	(104,4,14),
	(105,4,7),
	(106,4,12),
	(107,4,6),
	(108,4,22),
	(109,4,7),
	(110,4,3),
	(111,4,18),
	(112,4,2),
	(113,4,7),
	(114,4,19),
	(115,4,6),
	(116,4,3),
	(117,4,13),
	(118,4,15),
	(119,4,9),
	(120,4,10),
	(121,4,2),
	(122,4,9),
	(123,4,15),
	(124,4,5),
	(125,4,4),
	(126,4,18),
	(127,4,15),
	(128,4,4),
	(129,4,15),
	(130,4,8),
	(131,4,2),
	(132,4,8),
	(133,4,2),
	(134,4,9),
	(136,4,9),
	(137,4,2),
	(138,4,10),
	(140,4,11),
	(141,4,9),
	(142,4,3),
	(143,4,2),
	(144,4,3),
	(145,4,8),
	(146,4,5),
	(147,4,15),
	(148,4,2),
	(150,4,13),
	(151,4,2),
	(152,4,7),
	(153,4,5),
	(154,4,7),
	(155,4,13),
	(156,4,4),
	(157,4,4),
	(158,4,10),
	(159,4,12),
	(160,4,11),
	(161,4,3),
	(162,4,11),
	(163,4,14),
	(164,4,2),
	(165,4,5),
	(166,4,8),
	(168,4,9),
	(169,4,2),
	(170,4,2),
	(171,4,3),
	(172,4,5),
	(173,4,18),
	(174,4,3),
	(175,4,2),
	(177,4,15),
	(178,4,5),
	(179,4,2),
	(180,4,20),
	(181,4,7),
	(182,4,6),
	(183,4,5),
	(184,4,6),
	(185,4,13),
	(186,4,5),
	(188,4,3),
	(189,4,3),
	(190,4,2),
	(191,4,4),
	(192,4,3),
	(193,4,2),
	(194,4,3),
	(195,4,17),
	(196,4,7),
	(197,4,5),
	(198,4,15),
	(199,4,12),
	(200,4,2),
	(1,5,6),
	(2,5,23),
	(3,5,3),
	(4,5,3),
	(5,5,3),
	(6,5,2),
	(7,5,9),
	(8,5,10),
	(9,5,3),
	(10,5,6),
	(11,5,13),
	(12,5,6),
	(13,5,9),
	(15,5,2),
	(16,5,16),
	(17,5,2),
	(18,5,14),
	(19,5,4),
	(20,5,5),
	(21,5,4),
	(22,5,4),
	(23,5,3),
	(24,5,5),
	(25,5,9),
	(26,5,8),
	(27,5,8),
	(28,5,3),
	(29,5,11),
	(30,5,6),
	(31,5,8),
	(32,5,8),
	(33,5,4),
	(34,5,2),
	(35,5,6),
	(36,5,8),
	(37,5,17),
	(38,5,4),
	(39,5,3),
	(40,5,5),
	(41,5,5),
	(42,5,2),
	(43,5,2),
	(45,5,5),
	(46,5,2),
	(47,5,2),
	(48,5,16),
	(49,5,6),
	(50,5,9),
	(51,5,3),
	(52,5,8),
	(53,5,2),
	(54,5,4),
	(55,5,15),
	(56,5,2),
	(57,5,2),
	(58,5,5),
	(59,5,2),
	(60,5,5),
	(61,5,7),
	(62,5,10),
	(63,5,18),
	(64,5,9),
	(65,5,6),
	(66,5,5),
	(67,5,11),
	(68,5,4),
	(69,5,4),
	(70,5,16),
	(71,5,2),
	(72,5,2),
	(73,5,6),
	(74,5,21),
	(75,5,3),
	(76,5,6),
	(77,5,3),
	(78,5,5),
	(79,5,4),
	(80,5,8),
	(81,5,17),
	(82,5,11),
	(83,5,6),
	(84,5,5),
	(85,5,2),
	(86,5,2),
	(87,5,16),
	(88,5,3),
	(89,5,20),
	(90,5,7),
	(91,5,4),
	(92,5,2),
	(93,5,2),
	(94,5,15),
	(95,5,2),
	(96,5,4),
	(98,5,12),
	(99,5,3),
	(100,5,7),
	(101,5,18),
	(102,5,19),
	(103,5,8),
	(104,5,7),
	(105,5,2),
	(106,5,4),
	(107,5,2),
	(108,5,13),
	(109,5,10),
	(110,5,8),
	(111,5,3),
	(112,5,8),
	(113,5,3),
	(114,5,6),
	(115,5,6),
	(117,5,2),
	(118,5,3),
	(119,5,16),
	(120,5,5),
	(121,5,8),
	(122,5,4),
	(123,5,2),
	(124,5,2),
	(125,5,2),
	(126,5,11),
	(127,5,4),
	(128,5,3),
	(129,5,12),
	(130,5,3),
	(131,5,3),
	(132,5,2),
	(134,5,8),
	(135,5,3),
	(137,5,6),
	(138,5,11),
	(139,5,2),
	(140,5,5),
	(141,5,4),
	(142,5,2),
	(144,5,6),
	(145,5,7),
	(146,5,9),
	(147,5,21),
	(148,5,13),
	(149,5,7),
	(150,5,6),
	(151,5,14),
	(152,5,7),
	(153,5,4),
	(154,5,13),
	(156,5,4),
	(157,5,5),
	(158,5,9),
	(159,5,5),
	(161,5,16),
	(162,5,3),
	(163,5,8),
	(164,5,3),
	(165,5,19),
	(166,5,11),
	(167,5,10),
	(168,5,4),
	(169,5,13),
	(170,5,4),
	(171,5,5),
	(172,5,9),
	(173,5,2),
	(175,5,11),
	(176,5,5),
	(177,5,6),
	(178,5,7),
	(179,5,9),
	(180,5,9),
	(181,5,7),
	(182,5,5),
	(183,5,6),
	(184,5,3),
	(185,5,3),
	(186,5,2),
	(187,5,2),
	(188,5,6),
	(189,5,2),
	(190,5,2),
	(191,5,8),
	(192,5,15),
	(193,5,13),
	(194,5,2),
	(195,5,5),
	(196,5,7),
	(197,5,3),
	(198,5,8),
	(199,5,5)
GO

INSERT INTO BOOK_COPIES
	VALUES
	(1,6,6),
	(2,6,11),
	(3,6,14),
	(4,6,6),
	(5,6,3),
	(6,6,10),
	(7,6,14),
	(8,6,7),
	(9,6,11),
	(10,6,7),
	(11,6,2),
	(12,6,5),
	(13,6,4),
	(14,6,5),
	(15,6,4),
	(16,6,2),
	(17,6,2),
	(18,6,4),
	(19,6,9),
	(20,6,4),
	(21,6,9),
	(22,6,4),
	(23,6,6),
	(24,6,7),
	(25,6,2),
	(26,6,14),
	(27,6,8),
	(28,6,9),
	(29,6,2),
	(31,6,6),
	(32,6,2),
	(33,6,9),
	(34,6,15),
	(36,6,6),
	(37,6,10),
	(38,6,15),
	(40,6,10),
	(41,6,13),
	(42,6,7),
	(43,6,15),
	(44,6,3),
	(45,6,2),
	(46,6,14),
	(47,6,6),
	(48,6,5),
	(49,6,11),
	(50,6,11),
	(51,6,3),
	(52,6,5),
	(53,6,7),
	(54,6,6),
	(55,6,8),
	(56,6,23),
	(57,6,2),
	(59,6,2),
	(60,6,7),
	(61,6,10),
	(62,6,8),
	(63,6,13),
	(64,6,7),
	(65,6,2),
	(66,6,3),
	(67,6,16),
	(68,6,5),
	(69,6,6),
	(70,6,5),
	(71,6,3),
	(72,6,8),
	(73,6,6),
	(74,6,2),
	(75,6,7),
	(76,6,16),
	(77,6,5),
	(78,6,3),
	(79,6,17),
	(80,6,18),
	(81,6,8),
	(82,6,10),
	(83,6,8),
	(84,6,6),
	(85,6,11),
	(87,6,5),
	(88,6,11),
	(89,6,10),
	(90,6,12),
	(91,6,7),
	(92,6,4),
	(93,6,4),
	(94,6,6),
	(95,6,3),
	(96,6,6),
	(97,6,9),
	(98,6,2),
	(99,6,8),
	(100,6,5),
	(101,6,14),
	(102,6,8),
	(103,6,15),
	(105,6,4),
	(106,6,2),
	(107,6,7),
	(108,6,12),
	(109,6,4),
	(110,6,8),
	(112,6,5),
	(113,6,6),
	(114,6,4),
	(115,6,2),
	(116,6,4),
	(117,6,12),
	(118,6,9),
	(119,6,4),
	(120,6,2),
	(122,6,6),
	(123,6,2),
	(124,6,11),
	(125,6,2),
	(126,6,6),
	(127,6,12),
	(128,6,5),
	(129,6,7),
	(130,6,7),
	(131,6,10),
	(133,6,4),
	(134,6,4),
	(135,6,8),
	(136,6,15),
	(137,6,8),
	(138,6,3),
	(139,6,6),
	(140,6,4),
	(141,6,9),
	(142,6,22),
	(143,6,5),
	(144,6,16),
	(145,6,12),
	(146,6,2),
	(147,6,2),
	(148,6,6),
	(149,6,6),
	(150,6,2),
	(151,6,6),
	(152,6,4),
	(153,6,7),
	(154,6,12),
	(155,6,13),
	(156,6,20),
	(157,6,3),
	(158,6,3),
	(159,6,9),
	(161,6,16),
	(162,6,8),
	(163,6,6),
	(164,6,2),
	(165,6,4),
	(166,6,12),
	(167,6,7),
	(168,6,10),
	(169,6,13),
	(170,6,12),
	(171,6,4),
	(172,6,4),
	(173,6,4),
	(174,6,2),
	(175,6,14),
	(177,6,6),
	(178,6,4),
	(179,6,2),
	(180,6,5),
	(181,6,9),
	(182,6,2),
	(183,6,11),
	(184,6,10),
	(185,6,9),
	(186,6,7),
	(187,6,15),
	(188,6,3),
	(189,6,13),
	(190,6,8),
	(191,6,11),
	(192,6,19),
	(193,6,10),
	(194,6,5),
	(195,6,7),
	(196,6,8),
	(197,6,5),
	(198,6,6),
	(199,6,2),
	(200,6,2),
	(1,7,4),
	(2,7,7),
	(3,7,4),
	(4,7,5),
	(5,7,4),
	(6,7,3),
	(7,7,7),
	(8,7,3),
	(9,7,2),
	(10,7,7),
	(11,7,7),
	(12,7,10),
	(13,7,8),
	(14,7,16),
	(15,7,5),
	(16,7,5),
	(17,7,2),
	(18,7,7),
	(19,7,8),
	(20,7,2),
	(21,7,5),
	(22,7,6),
	(23,7,3),
	(24,7,6),
	(25,7,22),
	(26,7,10),
	(27,7,10),
	(28,7,8),
	(29,7,5),
	(30,7,19),
	(31,7,2),
	(32,7,12),
	(33,7,2),
	(34,7,2),
	(35,7,4),
	(36,7,11),
	(37,7,9),
	(38,7,3),
	(40,7,5),
	(41,7,7),
	(42,7,2),
	(43,7,14),
	(44,7,8),
	(45,7,4),
	(46,7,12),
	(47,7,5),
	(48,7,6),
	(49,7,23),
	(50,7,2),
	(51,7,11),
	(52,7,9),
	(53,7,3),
	(54,7,3),
	(55,7,2),
	(56,7,19),
	(57,7,4),
	(58,7,14),
	(59,7,21),
	(60,7,8),
	(62,7,5),
	(63,7,4),
	(64,7,7),
	(65,7,5),
	(66,7,4),
	(67,7,2),
	(68,7,14),
	(69,7,2),
	(70,7,4),
	(71,7,8),
	(72,7,5),
	(73,7,5),
	(74,7,2),
	(75,7,6),
	(76,7,2),
	(77,7,11),
	(78,7,17),
	(79,7,13),
	(80,7,19),
	(81,7,15),
	(82,7,9),
	(83,7,13),
	(84,7,6),
	(85,7,4),
	(86,7,2),
	(87,7,10),
	(89,7,4),
	(90,7,18),
	(91,7,8),
	(92,7,6),
	(93,7,10),
	(95,7,5),
	(96,7,8),
	(97,7,15),
	(98,7,4),
	(99,7,5),
	(100,7,2),
	(101,7,6),
	(102,7,2),
	(103,7,2),
	(104,7,7),
	(105,7,6),
	(106,7,3),
	(107,7,2),
	(108,7,5),
	(109,7,11),
	(110,7,2),
	(111,7,8),
	(112,7,2),
	(113,7,2),
	(114,7,2),
	(115,7,19),
	(116,7,17),
	(117,7,2),
	(119,7,3),
	(120,7,2),
	(121,7,3),
	(122,7,14),
	(123,7,3),
	(124,7,12),
	(125,7,8),
	(126,7,7),
	(127,7,5),
	(128,7,5),
	(129,7,7),
	(130,7,8),
	(131,7,10),
	(132,7,13),
	(133,7,9),
	(134,7,12),
	(135,7,11),
	(136,7,3),
	(137,7,2),
	(138,7,7),
	(139,7,2),
	(140,7,6),
	(141,7,9),
	(142,7,2),
	(143,7,10),
	(145,7,8),
	(146,7,4),
	(147,7,3),
	(148,7,10),
	(149,7,6),
	(150,7,6),
	(151,7,16),
	(152,7,4),
	(153,7,2),
	(154,7,6),
	(155,7,4),
	(157,7,6),
	(158,7,2),
	(159,7,2),
	(160,7,21),
	(161,7,18),
	(162,7,14),
	(163,7,3),
	(164,7,5),
	(165,7,10),
	(166,7,8),
	(167,7,3),
	(168,7,2),
	(170,7,12),
	(171,7,9),
	(172,7,2),
	(173,7,2),
	(174,7,20),
	(175,7,2),
	(176,7,10),
	(177,7,4),
	(178,7,2),
	(179,7,18),
	(180,7,4),
	(181,7,13),
	(182,7,16),
	(183,7,2),
	(184,7,3),
	(185,7,17),
	(186,7,5),
	(187,7,5),
	(188,7,17),
	(189,7,3),
	(190,7,11),
	(192,7,17),
	(193,7,5),
	(194,7,5),
	(195,7,9),
	(196,7,3),
	(197,7,20),
	(198,7,14),
	(199,7,7),
	(200,7,3),
	(1,8,9),
	(2,8,12),
	(3,8,3),
	(4,8,16),
	(5,8,2),
	(6,8,12),
	(7,8,14),
	(8,8,4),
	(9,8,3),
	(10,8,10),
	(11,8,6),
	(12,8,14),
	(13,8,11),
	(14,8,3),
	(15,8,4),
	(16,8,3),
	(17,8,6),
	(18,8,8),
	(19,8,12),
	(20,8,5),
	(21,8,2),
	(22,8,11),
	(23,8,2),
	(24,8,12),
	(25,8,10),
	(26,8,4),
	(27,8,2),
	(28,8,21),
	(29,8,13),
	(30,8,9),
	(31,8,4),
	(32,8,8),
	(33,8,11),
	(35,8,8),
	(36,8,11),
	(37,8,12),
	(38,8,11),
	(39,8,9),
	(40,8,4),
	(41,8,4),
	(42,8,14),
	(43,8,2),
	(44,8,9),
	(45,8,7),
	(46,8,5),
	(47,8,11),
	(48,8,20),
	(49,8,2),
	(51,8,6),
	(52,8,6),
	(54,8,3),
	(55,8,6),
	(56,8,12),
	(57,8,8),
	(58,8,15),
	(59,8,18),
	(60,8,5),
	(61,8,20),
	(62,8,12),
	(63,8,4),
	(64,8,2),
	(65,8,7),
	(66,8,7),
	(67,8,4),
	(68,8,7),
	(69,8,12),
	(70,8,4),
	(71,8,2),
	(72,8,6),
	(74,8,13),
	(75,8,2),
	(76,8,2),
	(77,8,8),
	(78,8,9),
	(79,8,4),
	(80,8,12),
	(81,8,6),
	(82,8,3),
	(83,8,10),
	(84,8,5),
	(85,8,8),
	(86,8,13),
	(87,8,7),
	(88,8,14),
	(89,8,12),
	(90,8,6),
	(91,8,3),
	(92,8,15),
	(93,8,5),
	(94,8,2),
	(95,8,9),
	(96,8,5),
	(97,8,3),
	(98,8,12),
	(99,8,14),
	(100,8,22),
	(101,8,5),
	(102,8,5),
	(103,8,8),
	(104,8,4),
	(105,8,6),
	(106,8,12),
	(107,8,5),
	(108,8,2),
	(109,8,4),
	(110,8,18),
	(111,8,9),
	(112,8,6),
	(113,8,4),
	(114,8,13),
	(115,8,4),
	(116,8,4),
	(117,8,2),
	(118,8,17),
	(119,8,5),
	(120,8,13),
	(121,8,7),
	(122,8,15),
	(123,8,3),
	(124,8,4),
	(126,8,4),
	(127,8,10),
	(128,8,15),
	(129,8,14),
	(130,8,21),
	(131,8,13),
	(132,8,7),
	(133,8,4),
	(134,8,18),
	(135,8,16),
	(136,8,9),
	(137,8,6),
	(138,8,3),
	(139,8,3),
	(140,8,20),
	(141,8,3),
	(142,8,4),
	(143,8,20),
	(144,8,2),
	(145,8,2),
	(146,8,2),
	(147,8,20),
	(148,8,11),
	(149,8,10),
	(150,8,2),
	(152,8,10),
	(153,8,9),
	(154,8,8),
	(155,8,5),
	(156,8,4),
	(157,8,12),
	(158,8,6),
	(159,8,12),
	(160,8,7),
	(161,8,2),
	(162,8,12),
	(163,8,2),
	(164,8,4),
	(165,8,2),
	(166,8,13),
	(167,8,14),
	(168,8,2),
	(169,8,6),
	(170,8,5),
	(171,8,5),
	(172,8,6),
	(173,8,4),
	(174,8,12),
	(175,8,12),
	(176,8,8),
	(177,8,15),
	(178,8,7),
	(179,8,7),
	(180,8,2),
	(181,8,5),
	(182,8,4),
	(183,8,4),
	(184,8,14),
	(185,8,8),
	(186,8,4),
	(187,8,3),
	(188,8,5),
	(189,8,7),
	(190,8,3),
	(191,8,3),
	(192,8,5),
	(193,8,4),
	(195,8,16),
	(196,8,5),
	(197,8,2),
	(198,8,4),
	(199,8,5),
	(200,8,9),
	(1,9,8),
	(2,9,2),
	(3,9,2),
	(4,9,3),
	(5,9,12),
	(6,9,2),
	(7,9,3),
	(8,9,11),
	(10,9,4),
	(11,9,2),
	(12,9,2),
	(13,9,17),
	(14,9,13),
	(15,9,5),
	(16,9,9),
	(17,9,3),
	(20,9,8),
	(21,9,3),
	(22,9,10),
	(23,9,2),
	(24,9,7),
	(25,9,12),
	(26,9,2),
	(27,9,3),
	(28,9,18),
	(29,9,11),
	(30,9,2),
	(31,9,14),
	(32,9,12),
	(33,9,4),
	(34,9,16),
	(35,9,6),
	(36,9,10),
	(37,9,4),
	(38,9,6),
	(39,9,3),
	(41,9,9),
	(42,9,2),
	(43,9,4),
	(44,9,3),
	(45,9,9),
	(46,9,5),
	(47,9,11),
	(48,9,3),
	(49,9,5),
	(50,9,8),
	(51,9,22),
	(52,9,2),
	(53,9,6),
	(54,9,10),
	(55,9,4),
	(56,9,4),
	(57,9,5),
	(58,9,9),
	(59,9,2),
	(60,9,14),
	(61,9,7),
	(62,9,2),
	(63,9,3),
	(64,9,11),
	(65,9,3),
	(66,9,13),
	(67,9,21),
	(68,9,21),
	(69,9,13),
	(71,9,2),
	(72,9,9),
	(73,9,9),
	(74,9,5),
	(75,9,3),
	(76,9,9),
	(77,9,14),
	(78,9,4),
	(79,9,3),
	(80,9,8),
	(81,9,10),
	(82,9,2),
	(83,9,9),
	(84,9,3),
	(85,9,17),
	(86,9,4),
	(87,9,12),
	(88,9,7),
	(90,9,6),
	(91,9,3),
	(92,9,5),
	(93,9,2),
	(94,9,2),
	(96,9,2),
	(97,9,2),
	(98,9,2),
	(99,9,12),
	(100,9,9),
	(101,9,8),
	(102,9,2),
	(103,9,4),
	(104,9,4),
	(106,9,2),
	(107,9,14),
	(108,9,10),
	(109,9,9),
	(110,9,11),
	(111,9,11),
	(112,9,5),
	(113,9,2),
	(114,9,12),
	(115,9,2),
	(116,9,8),
	(117,9,9),
	(118,9,2),
	(119,9,7),
	(120,9,3),
	(121,9,3),
	(122,9,21),
	(123,9,7),
	(124,9,3),
	(125,9,5),
	(127,9,5),
	(128,9,7),
	(129,9,14),
	(130,9,13),
	(131,9,17),
	(132,9,9),
	(133,9,7),
	(134,9,5),
	(135,9,5),
	(136,9,4),
	(137,9,5),
	(138,9,4),
	(139,9,4),
	(141,9,4),
	(142,9,4),
	(143,9,7),
	(144,9,8),
	(145,9,12),
	(146,9,3),
	(147,9,2),
	(148,9,11),
	(149,9,5),
	(150,9,14),
	(151,9,3),
	(152,9,12),
	(153,9,4),
	(155,9,4),
	(156,9,3),
	(157,9,2),
	(158,9,11),
	(159,9,13),
	(160,9,4),
	(161,9,3),
	(162,9,10),
	(163,9,4),
	(164,9,10),
	(165,9,7),
	(166,9,2),
	(167,9,8),
	(168,9,7),
	(169,9,2),
	(170,9,3),
	(171,9,2),
	(172,9,4),
	(173,9,3),
	(174,9,3),
	(175,9,12),
	(176,9,10),
	(177,9,2),
	(178,9,8),
	(179,9,4),
	(181,9,18),
	(182,9,8),
	(183,9,3),
	(184,9,14),
	(185,9,5),
	(186,9,18),
	(187,9,7),
	(188,9,6),
	(189,9,5),
	(190,9,5),
	(191,9,21),
	(192,9,5),
	(193,9,15),
	(194,9,11),
	(195,9,3),
	(196,9,13),
	(197,9,2),
	(198,9,20),
	(199,9,4),
	(1,10,5),
	(2,10,15),
	(3,10,3),
	(4,10,2),
	(5,10,4),
	(6,10,12),
	(8,10,7),
	(9,10,2),
	(10,10,13),
	(11,10,12),
	(12,10,10),
	(13,10,2),
	(14,10,15),
	(15,10,4),
	(16,10,2),
	(17,10,2),
	(18,10,3),
	(19,10,6),
	(20,10,3),
	(21,10,6),
	(23,10,3),
	(24,10,14),
	(25,10,13),
	(26,10,7),
	(27,10,4),
	(28,10,3),
	(29,10,17),
	(30,10,2),
	(31,10,7),
	(32,10,9),
	(33,10,15),
	(34,10,13),
	(35,10,6),
	(36,10,3),
	(37,10,11),
	(38,10,2),
	(39,10,9),
	(40,10,15),
	(41,10,17),
	(43,10,3),
	(44,10,5),
	(45,10,3),
	(46,10,5),
	(47,10,9),
	(49,10,8),
	(51,10,9),
	(52,10,8),
	(53,10,4),
	(54,10,6),
	(55,10,4),
	(56,10,13),
	(57,10,13),
	(58,10,12),
	(59,10,21),
	(60,10,4),
	(61,10,5),
	(62,10,4),
	(63,10,3),
	(64,10,3),
	(65,10,10),
	(66,10,12),
	(67,10,14),
	(68,10,10),
	(69,10,18),
	(71,10,4),
	(72,10,9),
	(73,10,14),
	(74,10,13),
	(75,10,6),
	(76,10,6),
	(77,10,2),
	(78,10,4),
	(79,10,12),
	(80,10,3),
	(81,10,2),
	(82,10,9),
	(83,10,2),
	(84,10,4),
	(85,10,6),
	(86,10,3),
	(87,10,13),
	(88,10,7),
	(89,10,12),
	(90,10,3),
	(91,10,5),
	(92,10,4),
	(93,10,9),
	(94,10,11),
	(95,10,16),
	(96,10,4),
	(97,10,15),
	(98,10,3),
	(99,10,11),
	(100,10,16),
	(101,10,11),
	(102,10,10),
	(103,10,15),
	(104,10,4),
	(106,10,5),
	(107,10,6),
	(108,10,2),
	(109,10,11),
	(110,10,5),
	(111,10,4),
	(112,10,7),
	(113,10,15),
	(114,10,13),
	(115,10,8),
	(116,10,15),
	(117,10,3),
	(118,10,3),
	(119,10,3),
	(120,10,10),
	(121,10,3),
	(122,10,12),
	(123,10,9),
	(124,10,7),
	(125,10,2),
	(126,10,3),
	(127,10,11),
	(128,10,3),
	(129,10,4),
	(130,10,2),
	(131,10,6),
	(132,10,2),
	(133,10,8),
	(134,10,4),
	(135,10,6),
	(136,10,7),
	(137,10,17),
	(138,10,7),
	(139,10,8),
	(140,10,5),
	(141,10,3),
	(143,10,17),
	(144,10,2),
	(145,10,10),
	(147,10,16),
	(148,10,19),
	(149,10,2),
	(150,10,19),
	(151,10,17),
	(152,10,13),
	(153,10,9),
	(154,10,5),
	(155,10,7),
	(156,10,4),
	(157,10,5),
	(158,10,2),
	(159,10,5),
	(160,10,3),
	(161,10,2),
	(162,10,7),
	(163,10,21),
	(164,10,8),
	(165,10,3),
	(166,10,4),
	(167,10,7),
	(168,10,4),
	(169,10,14),
	(170,10,21),
	(171,10,7),
	(172,10,4),
	(173,10,3),
	(174,10,2),
	(175,10,5),
	(176,10,3),
	(177,10,3),
	(178,10,3),
	(179,10,10),
	(180,10,5),
	(181,10,16),
	(182,10,4),
	(183,10,2),
	(184,10,2),
	(185,10,4),
	(186,10,15),
	(188,10,11),
	(189,10,8),
	(190,10,15),
	(191,10,13),
	(192,10,15),
	(193,10,7),
	(194,10,3),
	(195,10,2),
	(196,10,2),
	(197,10,2),
	(198,10,2),
	(199,10,3),
	(200,10,14)
GO

CREATE TABLE BOOK_LOANS
	(
	BookId int NOT NULL,
	BranchId int NOT NULL,
	CardNo int NOT NULL,
	DateOut date,
	DateDue date,
	DateReturn date
	)
GO

INSERT INTO BOOK_LOANS
	VALUES
	(51,1,6,'20161218','20170104',NULL),
(175,1,24,'20161218','20170104',NULL),
(163,1,3,'20161218','20170104','20161207'),
(175,1,27,'20161218','20170104','20161118'),
(14,1,6,'20161218','20170104','20161201'),
(106,1,12,'20161218','20170104','20161108'),
(126,1,3,'20161219','20170105','20161004'),
(126,1,5,'20161219','20170105','20161001'),
(121,1,7,'20161219','20170105','20160907'),
(182,1,12,'20161219','20170105','20160909'),
(76,1,25,'20161219','20170105','20160822'),
(166,1,27,'20161219','20170105','20160818'),
(156,1,16,'20161220','20170106','20160721'),
(12,1,13,'20161220','20170106','20160703'),
(175,1,3,'20161220','20170106','20160605'),
(177,1,13,'20161220','20170106','20160621'),
(180,1,5,'20161220','20170106','20160504'),
(72,1,18,'20161220','20170106','20160421'),
(120,1,24,'20160411','20160502','20160426'),
(142,1,19,'20160331','20160421','20160414'),
(161,1,5,'20160316','20160406','20160414'),
(108,1,24,'20160302','20160323','20160303'),
(128,1,8,'20160228','20160320','20160307'),
(43,1,1,'20160217','20160309','20160317'),
(80,1,20,'20160117','20160207','20160123'),
(39,1,27,'20160101','20160122','20160206'),
(129,1,26,'20151216','20160106','20151219'),
(180,1,11,'20151108','20151129','20151111'),
(147,1,18,'20151023','20151113','20151114'),
(60,1,15,'20151017','20151107','20151110'),
(88,1,5,'20151014','20151104','20151030'),
(17,1,15,'20150917','20151008','20150930'),
(9,1,5,'20150827','20150917','20150902'),
(162,1,20,'20150814','20150904','20150815'),
(82,1,20,'20150805','20150826','20150822'),
(115,1,20,'20150729','20150819','20150828'),
(197,1,4,'20150726','20150816','20150804'),
(99,1,7,'20150722','20150812','20150818'),
(55,1,2,'20150714','20150804','20150715'),
(30,1,20,'20150623','20150714','20150628'),
(89,1,2,'20150618','20150709','20150620'),
(41,1,18,'20150515','20150605','20150520'),
(157,1,4,'20150504','20150525','20150509'),
(135,1,2,'20150211','20150304','20150212'),
(200,1,7,'20150208','20150301','20150209'),
(191,1,24,'20150203','20150224','20150210'),
(185,1,12,'20150122','20150212','20150123'),
(159,1,20,'20150108','20150129','20150130'),
(73,1,8,'20141206','20141227','20141221'),
(103,1,5,'20141126','20141217','20141207'),
(2,1,10,'20141104','20141125','20141112'),
(96,1,5,'20141019','20141109','20141028'),
(21,1,23,'20141017','20141107','20141114'),
(69,1,10,'20141016','20141106','20141020'),
(40,1,27,'20140926','20141017','20141007'),
(160,1,20,'20140812','20140902','20140909'),
(24,1,8,'20140809','20140830','20140810'),
(119,1,23,'20140806','20140827','20140914'),
(45,1,2,'20140622','20140713','20140704'),
(56,1,18,'20140507','20140528','20140516'),
(11,1,2,'20140422','20140513','20140517'),
(19,1,19,'20140406','20140427','20140413'),
(136,1,11,'20140129','20140219','20140203'),
(84,1,4,'20131130','20131221','20131215'),
(89,1,23,'20131006','20131027','20131019'),
(146,1,7,'20131004','20131025','20131007'),
(20,1,5,'20130906','20130927','20130929'),
(95,1,21,'20130824','20130914','20130901'),
(159,1,11,'20130807','20130828','20130810'),
(152,1,18,'20130805','20130826','20130806'),
(37,1,27,'20130628','20130719','20130711'),
(16,1,7,'20130603','20130624','20130624'),
(123,1,5,'20130509','20130530','20130512'),
(138,1,25,'20130508','20130529','20130530'),
(118,1,20,'20130505','20130526','20130506'),
(197,1,13,'20130415','20130506','20130416'),
(191,1,6,'20130401','20130422','20130429'),
(190,1,20,'20130401','20130422','20130402'),
(47,1,12,'20130217','20130310','20130225'),
(85,1,10,'20130126','20130216','20130127'),
(195,1,1,'20130109','20130130','20130111'),
(118,1,4,'20121224','20130114','20130108'),
(60,1,10,'20121215','20130105','20121220'),
(22,1,7,'20121116','20121207','20121128'),
(125,1,23,'20121115','20121206','20121203'),
(35,1,14,'20121102','20121123','20121206'),
(128,1,4,'20121023','20121113','20121024'),
(107,1,7,'20121010','20121031','20121101'),
(56,1,13,'20120903','20120924','20120904'),
(69,1,10,'20120902','20120923','20120916'),
(46,1,13,'20120901','20120922','20120908'),
(175,1,19,'20120812','20120902','20120831'),
(123,1,27,'20120809','20120830','20120825'),
(72,1,5,'20120722','20120812','20120816'),
(38,1,14,'20120602','20120623','20120627'),
(71,1,23,'20120518','20120608','20120528'),
(4,1,5,'20120515','20120605','20120603'),
(59,1,26,'20120513','20120603','20120515'),
(80,1,25,'20120501','20120522','20120506'),
(41,1,27,'20120412','20120503','20120415'),
(132,1,7,'20120405','20120426','20120411'),
(82,1,21,'20120317','20120407','20120331'),
(171,1,25,'20120311','20120401','20120312'),
(81,1,10,'20120309','20120330','20120330'),
(68,1,16,'20120304','20120325','20120319'),
(144,1,7,'20111229','20120119','20120118'),
(88,1,2,'20111228','20120118','20120120'),
(196,1,14,'20111222','20120112','20120120'),
(170,1,14,'20111104','20111125','20111106'),
(106,1,4,'20110817','20110907','20110824'),
(20,1,2,'20110806','20110827','20110808'),
(102,1,18,'20110705','20110726','20110708'),
(195,1,10,'20110622','20110713','20110707'),
(115,1,3,'20110618','20110709','20110702'),
(5,1,10,'20110618','20110709','20110628'),
(74,1,24,'20110618','20110709','20110726'),
(109,1,1,'20110528','20110618','20110616'),
(106,1,23,'20110510','20110531','20110526'),
(198,1,4,'20110329','20110419','20110401'),
(73,1,26,'20110301','20110322','20110309'),
(44,1,15,'20110210','20110303','20110213'),
(55,1,19,'20110207','20110228','20110220'),
(25,1,4,'20101124','20101215','20101207'),
(180,1,8,'20101029','20101119','20101127'),
(158,1,5,'20101009','20101030','20101101'),
(189,1,24,'20101008','20101029','20101103'),
(43,1,12,'20100905','20100926','20100920'),
(31,1,24,'20100904','20100925','20100905'),
(44,1,3,'20100903','20100924','20100907'),
(73,1,20,'20100823','20100913','20100905'),
(78,1,1,'20100811','20100901','20100827'),
(93,1,15,'20100802','20100823','20100820'),
(170,1,16,'20100710','20100731','20100717'),
(139,1,25,'20100709','20100730','20100710'),
(124,1,8,'20100706','20100727','20100717'),
(199,1,2,'20100703','20100724','20100705'),
(112,1,13,'20100626','20100717','20100702'),
(31,1,8,'20100622','20100713','20100630'),
(41,1,15,'20100611','20100702','20100615'),
(71,1,10,'20100507','20100528','20100514'),
(24,1,12,'20100426','20100517','20100428'),
(125,1,1,'20100324','20100414','20100406'),
(53,1,20,'20100303','20100324','20100304'),
(83,1,6,'20100225','20100318','20100313'),
(128,1,7,'20100205','20100226','20100216'),
(58,1,14,'20100131','20100221','20100214'),
(41,1,8,'20100111','20100201','20100203'),
(117,1,11,'20100106','20100127','20100118'),
(124,1,6,'20091209','20091230','20091228'),
(55,1,10,'20091130','20091221','20091214'),
(163,1,24,'20091117','20091208','20091122'),
(91,1,19,'20091116','20091207','20091117'),
(139,1,26,'20091023','20091113','20091101'),
(138,1,8,'20091012','20091102','20091029'),
(167,1,12,'20090927','20091018','20091101'),
(69,1,3,'20090727','20090817','20090804'),
(111,1,2,'20090716','20090806','20090803'),
(171,1,1,'20090703','20090724','20090724'),
(87,1,21,'20090623','20090714','20090626'),
(90,1,20,'20090605','20090626','20090630'),
(178,1,10,'20090527','20090617','20090529'),
(140,1,13,'20090524','20090614','20090613'),
(72,1,6,'20090517','20090607','20090525'),
(43,1,5,'20090331','20090421','20090412'),
(193,1,2,'20090328','20090418','20090419'),
(93,1,16,'20090313','20090403','20090414'),
(46,1,15,'20090301','20090322','20090304'),
(76,1,18,'20090206','20090227','20090212'),
(110,1,26,'20090131','20090221','20090204'),
(176,1,26,'20090130','20090220','20090201'),
(157,1,7,'20090127','20090217','20090128'),
(35,1,2,'20081229','20090119','20090108'),
(199,1,18,'20081224','20090114','20090107'),
(57,1,8,'20081211','20090101','20090106'),
(16,1,11,'20081125','20081216','20081204'),
(80,1,15,'20081118','20081209','20081120'),
(54,1,11,'20081117','20081208','20081120'),
(199,1,18,'20081106','20081127','20081114'),
(200,1,18,'20080928','20081019','20081003'),
(115,1,26,'20080813','20080903','20080820'),
(130,1,18,'20080713','20080803','20080720'),
(183,1,24,'20080708','20080729','20080711'),
(118,1,24,'20080529','20080619','20080530'),
(81,1,26,'20080514','20080604','20080609'),
(96,1,15,'20080406','20080427','20080409'),
(79,1,6,'20080315','20080405','20080321'),
(167,1,1,'20080302','20080323','20080405'),
(83,1,7,'20080216','20080308','20080224'),
(92,1,20,'20080207','20080228','20080219'),
(17,1,25,'20080124','20080214','20080215'),
(176,1,8,'20080109','20080130','20080205'),
(101,1,26,'20071231','20080121','20080103'),
(130,1,5,'20071212','20080102','20071222'),
(60,1,7,'20071211','20080101','20071228'),
(174,1,13,'20071124','20071215','20071212'),
(25,1,12,'20071007','20071028','20071010'),
(75,1,20,'20071001','20071022','20071110'),
(92,1,10,'20070923','20071014','20071003'),
(25,1,14,'20070904','20070925','20070922'),
(54,1,2,'20070826','20070916','20070913'),
(84,1,2,'20070825','20070915','20070925'),
(18,1,15,'20070813','20070903','20070817'),
(115,1,19,'20070803','20070824','20070818'),
(105,1,11,'20070729','20070819','20070803'),
(154,1,24,'20070722','20070812','20070801'),
(41,1,1,'20070713','20070803','20070720'),
(10,1,26,'20070710','20070731','20070711'),
(45,1,10,'20070707','20070728','20070708'),
(99,1,27,'20070629','20070720','20070706'),
(29,1,12,'20070623','20070714','20070724'),
(14,1,13,'20070613','20070704','20070705'),
(114,1,16,'20070531','20070621','20070606'),
(128,1,14,'20070530','20070620','20070610'),
(114,1,20,'20070526','20070616','20070527'),
(167,1,25,'20070514','20070604','20070518'),
(182,1,6,'20070414','20070505','20070426'),
(169,1,21,'20070312','20070402','20070319'),
(112,1,6,'20070305','20070326','20070318'),
(187,1,1,'20070304','20070325','20070318'),
(176,1,26,'20070211','20070304','20070224'),
(143,1,12,'20070101','20070122','20070111'),
(138,1,26,'20061207','20061228','20061210'),
(102,1,6,'20061206','20061227','20061210'),
(191,1,12,'20061107','20061128','20061110'),
(133,1,1,'20061030','20061120','20061109'),
(162,1,6,'20061019','20061109','20061020'),
(166,1,15,'20060927','20061018','20061008'),
(71,1,21,'20060810','20060831','20060819'),
(37,1,10,'20060609','20060630','20060630'),
(124,1,24,'20060529','20060619','20060531'),
(63,1,8,'20060402','20060423','20060403'),
(196,1,7,'20060329','20060419','20060427'),
(165,1,10,'20060318','20060408','20060426'),
(9,1,27,'20060317','20060407','20060409'),
(164,1,5,'20060222','20060315','20060323'),
(164,1,15,'20060218','20060311','20060325'),
(38,1,27,'20060216','20060309','20060301'),
(76,1,24,'20060203','20060224','20060309'),
(52,1,5,'20060117','20060207','20060205'),
(156,1,4,'20051209','20051230','20060115'),
(159,1,20,'20051110','20051201','20051117'),
(166,1,15,'20051108','20051129','20051123'),
(190,1,5,'20050909','20050930','20050911'),
(151,1,8,'20050804','20050825','20050812'),
(100,1,20,'20050724','20050814','20050817'),
(125,1,3,'20050714','20050804','20050719'),
(76,1,4,'20050712','20050802','20050720'),
(22,1,24,'20050628','20050719','20050717'),
(79,1,25,'20050430','20050521','20050505'),
(67,1,4,'20050423','20050514','20050519'),
(10,1,11,'20050406','20050427','20050407'),
(151,1,19,'20050406','20050427','20050411'),
(163,1,13,'20050302','20050323','20050330'),
(180,1,14,'20050122','20050212','20050125'),
(35,1,19,'20050115','20050205','20050119'),
(195,1,18,'20050101','20050122','20050204'),
(73,1,26,'20041203','20041224','20041207'),
(46,1,11,'20041030','20041120','20041123'),
(160,1,1,'20041028','20041118','20041101'),
(43,1,20,'20041026','20041116','20041124'),
(142,1,16,'20041022','20041112','20041028'),
(30,1,26,'20040901','20040922','20040910'),
(57,1,5,'20040828','20040918','20040902'),
(166,1,1,'20040826','20040916','20040908'),
(189,1,19,'20040816','20040906','20040818'),
(4,1,10,'20040625','20040716','20040727'),
(171,1,12,'20040614','20040705','20040619'),
(171,1,23,'20040608','20040629','20040712'),
(199,1,27,'20040607','20040628','20040628'),
(72,1,11,'20040528','20040618','20040606'),
(59,1,20,'20040527','20040617','20040613'),
(11,1,26,'20040506','20040527','20040610'),
(64,1,12,'20040307','20040328','20040312'),
(30,1,20,'20040307','20040328','20040310'),
(30,1,5,'20040303','20040324','20040328'),
(63,1,10,'20040127','20040217','20040203'),
(77,1,24,'20040127','20040217','20040208'),
(147,1,14,'20040126','20040216','20040219'),
(90,1,5,'20040118','20040208','20040203'),
(44,1,11,'20040113','20040203','20040208'),
(74,1,24,'20031228','20040118','20031230'),
(169,1,3,'20031203','20031224','20031224'),
(121,1,27,'20031202','20031223','20031203'),
(134,1,7,'20031031','20031121','20031104'),
(126,1,14,'20031024','20031114','20031109'),
(169,1,7,'20031010','20031031','20031030'),
(195,1,14,'20030913','20031004','20030919'),
(25,1,2,'20030910','20031001','20030913'),
(193,1,2,'20030830','20030920','20030922'),
(160,1,27,'20030723','20030813','20030725'),
(116,1,21,'20030705','20030726','20030730'),
(148,1,25,'20030630','20030721','20030701'),
(61,1,11,'20030624','20030715','20030626'),
(168,1,24,'20030512','20030602','20030513'),
(89,1,18,'20030502','20030523','20030517'),
(11,1,3,'20030403','20030424','20030408'),
(195,1,7,'20030328','20030418','20030407'),
(146,1,21,'20030318','20030408','20030404'),
(126,1,8,'20030308','20030329','20030311'),
(112,1,4,'20030218','20030311','20030313'),
(109,1,7,'20030218','20030311','20030219'),
(39,1,10,'20030207','20030228','20030217'),
(55,1,3,'20030117','20030207','20030208'),
(24,1,19,'20030106','20030127','20030110'),
(53,1,26,'20030103','20030124','20030214'),
(133,1,19,'20021227','20030117','20021229'),
(59,1,23,'20021201','20021222','20021204'),
(177,1,4,'20021026','20021116','20021109'),
(33,1,5,'20020918','20021009','20020921'),
(194,1,3,'20020808','20020829','20020813'),
(63,1,27,'20020804','20020825','20020831'),
(78,1,10,'20020708','20020729','20020721'),
(194,1,20,'20020625','20020716','20020626'),
(79,1,25,'20020610','20020701','20020615'),
(119,1,6,'20020504','20020525','20020508'),
(63,1,3,'20020324','20020414','20020414'),
(108,1,3,'20020324','20020414','20020404'),
(61,1,2,'20020315','20020405','20020318'),
(200,1,26,'20011215','20020105','20011220'),
(200,1,4,'20011201','20011222','20011211'),
(104,1,3,'20011031','20011121','20011121'),
(125,1,7,'20011028','20011118','20011029'),
(154,1,15,'20011028','20011118','20011121'),
(159,1,21,'20011025','20011115','20011107'),
(104,1,7,'20010928','20011019','20011001'),
(46,1,8,'20010927','20011018','20011005'),
(91,1,8,'20010927','20011018','20010928'),
(20,1,27,'20010926','20011017','20011003'),
(157,1,8,'20010911','20011002','20010926'),
(112,1,4,'20010910','20011001','20010928'),
(134,1,26,'20010910','20011001','20010914'),
(118,1,8,'20010905','20010926','20010921'),
(183,1,27,'20010803','20010824','20010814'),
(109,1,8,'20010802','20010823','20010807'),
(137,1,12,'20010627','20010718','20010718'),
(190,1,18,'20010625','20010716','20010709'),
(30,1,26,'20010618','20010709','20010623'),
(94,1,25,'20010527','20010617','20010602'),
(43,1,5,'20010524','20010614','20010527'),
(4,1,25,'20010512','20010602','20010611'),
(30,1,10,'20010427','20010518','20010430'),
(10,1,3,'20010410','20010501','20010415'),
(169,1,1,'20010308','20010329','20010326'),
(107,1,23,'20010126','20010216','20010223'),
(15,2,15,'20161218','20170108',NULL),
(17,2,15,'20161218','20170108',NULL),
(12,2,25,'20161218','20170108',NULL),
(128,2,8,'20161214','20170104',NULL),
(170,2,25,'20161211','20170101','20161220'),
(195,2,3,'20161129','20161220','20161209'),
(131,2,3,'20161101','20161122','20161103'),
(147,2,13,'20161010','20161031','20161022'),
(157,2,21,'20161003','20161024','20161013'),
(179,2,13,'20161001','20161022','20161021'),
(192,2,26,'20160911','20161002','20160926'),
(119,2,26,'20160831','20160921','20161001'),
(132,2,5,'20160830','20160920','20160918'),
(29,2,19,'20160718','20160808','20160722'),
(189,2,6,'20160716','20160806','20160723'),
(111,2,24,'20160627','20160718','20160629'),
(50,2,19,'20160605','20160626','20160704'),
(147,2,7,'20160601','20160622','20160602'),
(37,2,5,'20160424','20160515','20160505'),
(196,2,15,'20160401','20160422','20160404'),
(72,2,4,'20160222','20160314','20160223'),
(58,2,24,'20160116','20160206','20160117'),
(149,2,20,'20160111','20160201','20160208'),
(154,2,15,'20151224','20160114','20160124'),
(188,2,13,'20151223','20160113','20160127'),
(153,2,20,'20151223','20160113','20160102'),
(196,2,18,'20151209','20151230','20151218'),
(78,2,8,'20151206','20151227','20151208'),
(92,2,27,'20151205','20151226','20151225'),
(124,2,25,'20151101','20151122','20151201'),
(130,2,25,'20150926','20151017','20151004'),
(26,2,14,'20150924','20151015','20151031'),
(197,2,20,'20150823','20150913','20150826'),
(70,2,3,'20150715','20150805','20150820'),
(168,2,19,'20150715','20150805','20150716'),
(135,2,16,'20150708','20150729','20150720'),
(120,2,25,'20150622','20150713','20150625'),
(8,2,23,'20150531','20150621','20150627'),
(35,2,19,'20150526','20150616','20150610'),
(106,2,27,'20150516','20150606','20150616'),
(150,2,21,'20150224','20150317','20150307'),
(55,2,2,'20150213','20150306','20150217'),
(29,2,14,'20150129','20150219','20150130'),
(49,2,19,'20150128','20150218','20150130'),
(137,2,19,'20150118','20150208','20150209'),
(71,2,23,'20150111','20150201','20150203'),
(177,2,16,'20150102','20150123','20150105'),
(124,2,20,'20141108','20141129','20141114'),
(79,2,12,'20141102','20141123','20141127'),
(183,2,19,'20140829','20140919','20140906'),
(187,2,1,'20140825','20140915','20140826'),
(20,2,14,'20140823','20140913','20140902'),
(144,2,19,'20140805','20140826','20140817'),
(169,2,25,'20140719','20140809','20140723'),
(36,2,27,'20140707','20140728','20140713'),
(158,2,8,'20140602','20140623','20140606'),
(159,2,23,'20140529','20140619','20140609'),
(155,2,8,'20140513','20140603','20140525'),
(109,2,8,'20140503','20140524','20140506'),
(150,2,18,'20140427','20140518','20140503'),
(79,2,26,'20140426','20140517','20140502'),
(76,2,25,'20140415','20140506','20140416'),
(40,2,5,'20140401','20140422','20140403'),
(167,2,15,'20140324','20140414','20140325'),
(70,2,3,'20140213','20140306','20140216'),
(71,2,14,'20140206','20140227','20140211'),
(74,2,25,'20140128','20140218','20140209'),
(173,2,10,'20140125','20140215','20140202'),
(31,2,23,'20140125','20140215','20140205'),
(36,2,27,'20140125','20140215','20140202'),
(56,2,3,'20140117','20140207','20140214'),
(200,2,15,'20131223','20140113','20131226'),
(48,2,11,'20131210','20131231','20131214'),
(93,2,6,'20131209','20131230','20131213'),
(6,2,24,'20131118','20131209','20131120'),
(60,2,26,'20131101','20131122','20131102'),
(86,2,14,'20130930','20131021','20131008'),
(11,2,24,'20130910','20131001','20130917'),
(128,2,23,'20130806','20130827','20130811'),
(53,2,13,'20130708','20130729','20130807'),
(196,2,4,'20130627','20130718','20130719'),
(128,2,10,'20130626','20130717','20130711'),
(49,2,2,'20130622','20130713','20130629'),
(190,2,23,'20130527','20130617','20130528'),
(113,2,19,'20130522','20130612','20130607'),
(105,2,24,'20130326','20130416','20130404'),
(105,2,11,'20130312','20130402','20130314'),
(148,2,21,'20130305','20130326','20130310'),
(5,2,20,'20130103','20130124','20130115'),
(105,2,25,'20121215','20130105','20121216'),
(72,2,23,'20121114','20121205','20121115'),
(197,2,4,'20121008','20121029','20121009'),
(118,2,7,'20121001','20121022','20121014'),
(124,2,15,'20120930','20121021','20121007'),
(112,2,12,'20120908','20120929','20121018'),
(31,2,21,'20120830','20120920','20120928'),
(37,2,16,'20120815','20120905','20120905'),
(105,2,6,'20120707','20120728','20120720'),
(163,2,7,'20120509','20120530','20120512'),
(168,2,8,'20120418','20120509','20120421'),
(182,2,12,'20120412','20120503','20120525'),
(20,2,14,'20120318','20120408','20120411'),
(50,2,3,'20120314','20120404','20120322'),
(154,2,14,'20120313','20120403','20120324'),
(177,2,14,'20120227','20120319','20120330'),
(77,2,26,'20120127','20120217','20120205'),
(184,2,4,'20111204','20111225','20111215'),
(150,2,18,'20111130','20111221','20111222'),
(58,2,12,'20111107','20111128','20111116'),
(166,2,3,'20110924','20111015','20111002'),
(197,2,25,'20110915','20111006','20110923'),
(134,2,7,'20110909','20110930','20110928'),
(102,2,24,'20110908','20110929','20110919'),
(186,2,2,'20110826','20110916','20110906'),
(173,2,24,'20110805','20110826','20110825'),
(97,2,21,'20110728','20110818','20110807'),
(137,2,3,'20110712','20110802','20110716'),
(66,2,5,'20110701','20110722','20110706'),
(68,2,13,'20110628','20110719','20110710'),
(194,2,24,'20110608','20110629','20110611'),
(46,2,3,'20110607','20110628','20110626'),
(44,2,2,'20110509','20110530','20110525'),
(24,2,4,'20110426','20110517','20110522'),
(122,2,7,'20110217','20110310','20110304'),
(92,2,6,'20110131','20110221','20110203'),
(20,2,26,'20110116','20110206','20110202'),
(192,2,24,'20110113','20110203','20110201'),
(38,2,5,'20101217','20110107','20101218'),
(192,2,24,'20101107','20101128','20101202'),
(29,2,8,'20101030','20101120','20101113'),
(195,2,5,'20101029','20101119','20101102'),
(78,2,23,'20101023','20101113','20101103'),
(100,2,13,'20101007','20101028','20101014'),
(132,2,6,'20100906','20100927','20100907'),
(118,2,20,'20100831','20100921','20100912'),
(70,2,25,'20100701','20100722','20100805'),
(59,2,1,'20100601','20100622','20100630'),
(134,2,13,'20100531','20100621','20100606'),
(82,2,16,'20100410','20100501','20100416'),
(154,2,18,'20100323','20100413','20100411'),
(89,2,20,'20100322','20100412','20100402'),
(180,2,24,'20100303','20100324','20100323'),
(16,2,11,'20100213','20100306','20100302'),
(175,2,3,'20100204','20100225','20100214'),
(189,2,25,'20100112','20100202','20100224'),
(15,2,14,'20091222','20100112','20100105'),
(54,2,20,'20091201','20091222','20091204'),
(181,2,24,'20091123','20091214','20091129'),
(108,2,13,'20091104','20091125','20091124'),
(150,2,21,'20090906','20090927','20090907'),
(115,2,16,'20090830','20090920','20090909'),
(6,2,18,'20090823','20090913','20090905'),
(42,2,27,'20090817','20090907','20090820'),
(156,2,24,'20090727','20090817','20090813'),
(74,2,3,'20090609','20090630','20090616'),
(9,2,24,'20090530','20090620','20090613'),
(102,2,3,'20090524','20090614','20090603'),
(168,2,8,'20090510','20090531','20090517'),
(3,2,6,'20090427','20090518','20090603'),
(155,2,6,'20090227','20090320','20090331'),
(98,2,10,'20090131','20090221','20090210'),
(4,2,4,'20081212','20090102','20081223'),
(98,2,13,'20081207','20081228','20081216'),
(105,2,4,'20081125','20081216','20081130'),
(112,2,4,'20081008','20081029','20081018'),
(21,2,19,'20081005','20081026','20081014'),
(179,2,13,'20080930','20081021','20081027'),
(186,2,16,'20080925','20081016','20080928'),
(166,2,19,'20080827','20080917','20080831'),
(194,2,12,'20080805','20080826','20080810'),
(48,2,3,'20080616','20080707','20080620'),
(106,2,27,'20080527','20080617','20080619'),
(21,2,18,'20080417','20080508','20080427'),
(103,2,5,'20080410','20080501','20080414'),
(163,2,18,'20080407','20080428','20080408'),
(187,2,12,'20080402','20080423','20080417'),
(102,2,2,'20080319','20080409','20080404'),
(8,2,2,'20080212','20080304','20080218'),
(80,2,18,'20080118','20080208','20080121'),
(109,2,7,'20071214','20080104','20071216'),
(2,2,8,'20071210','20071231','20080105'),
(180,2,16,'20071210','20071231','20071214'),
(77,2,3,'20071026','20071116','20071205'),
(114,2,16,'20070912','20071003','20070923'),
(2,2,8,'20070825','20070915','20070826'),
(103,2,14,'20070703','20070724','20070706'),
(17,2,20,'20070703','20070724','20070704'),
(145,2,8,'20070701','20070722','20070713'),
(65,2,10,'20070611','20070702','20070715'),
(149,2,4,'20070604','20070625','20070616'),
(180,2,6,'20070530','20070620','20070614'),
(31,2,19,'20070510','20070531','20070523'),
(11,2,5,'20070508','20070529','20070529'),
(16,2,15,'20070413','20070504','20070418'),
(170,2,14,'20070408','20070429','20070416'),
(44,2,4,'20070323','20070413','20070330'),
(85,2,21,'20070318','20070408','20070319'),
(15,2,11,'20070310','20070331','20070323'),
(38,2,15,'20070108','20070129','20070124'),
(192,2,21,'20070108','20070129','20070128'),
(98,2,13,'20061222','20070112','20070124'),
(81,2,27,'20061208','20061229','20061222'),
(185,2,20,'20061129','20061220','20061216'),
(135,2,23,'20060914','20061005','20060927'),
(197,2,1,'20060812','20060902','20060825'),
(19,2,15,'20060807','20060828','20060901'),
(32,2,8,'20060713','20060803','20060720'),
(199,2,2,'20060710','20060731','20060804'),
(188,2,13,'20060708','20060729','20060715'),
(37,2,26,'20060707','20060728','20060708'),
(78,2,19,'20060629','20060720','20060704'),
(142,2,11,'20060617','20060708','20060723'),
(114,2,19,'20060531','20060621','20060619'),
(15,2,7,'20060527','20060617','20060528'),
(180,2,5,'20060505','20060526','20060513'),
(15,2,26,'20060504','20060525','20060512'),
(129,2,19,'20060429','20060520','20060501'),
(176,2,21,'20060406','20060427','20060416'),
(178,2,20,'20060331','20060421','20060402'),
(62,2,14,'20060314','20060404','20060330'),
(183,2,2,'20060306','20060327','20060310'),
(114,2,26,'20060303','20060324','20060402'),
(153,2,24,'20060222','20060315','20060224'),
(183,2,5,'20060109','20060130','20060208'),
(66,2,18,'20051218','20060108','20051231'),
(164,2,14,'20051202','20051223','20051215'),
(57,2,12,'20051127','20051218','20051128'),
(93,2,19,'20051113','20051204','20051118'),
(177,2,26,'20051105','20051126','20051107'),
(67,2,20,'20051029','20051119','20051031'),
(128,2,25,'20051027','20051117','20051103'),
(142,2,5,'20051010','20051031','20051013'),
(96,2,16,'20051001','20051022','20051007'),
(19,2,15,'20050801','20050822','20050817'),
(198,2,12,'20050604','20050625','20050611'),
(133,2,24,'20050517','20050607','20050518'),
(19,2,15,'20050430','20050521','20050515'),
(162,2,25,'20050317','20050407','20050331'),
(189,2,18,'20050316','20050406','20050326'),
(189,2,6,'20050227','20050320','20050328'),
(67,2,13,'20050207','20050228','20050211'),
(65,2,19,'20050110','20050131','20050111'),
(8,2,7,'20041227','20050117','20050111'),
(186,2,25,'20041217','20050107','20041228'),
(35,2,2,'20041208','20041229','20041215'),
(103,2,2,'20041207','20041228','20050107'),
(56,2,12,'20041203','20041224','20041204'),
(14,2,19,'20041203','20041224','20041211'),
(196,2,5,'20041127','20041218','20041130'),
(87,2,10,'20041118','20041209','20041124'),
(194,2,21,'20041116','20041207','20041203'),
(50,2,25,'20041109','20041130','20041118'),
(14,2,12,'20041004','20041025','20041009'),
(9,2,23,'20040929','20041020','20041008'),
(181,2,7,'20040928','20041019','20041009'),
(57,2,27,'20040910','20041001','20040926'),
(59,2,23,'20040904','20040925','20040916'),
(163,2,18,'20040828','20040918','20040906'),
(82,2,12,'20040825','20040915','20040909'),
(92,2,13,'20040811','20040901','20040902'),
(128,2,23,'20040725','20040815','20040728'),
(86,2,24,'20040703','20040724','20040714'),
(146,2,1,'20040622','20040713','20040630'),
(87,2,7,'20040622','20040713','20040623'),
(169,2,21,'20040526','20040616','20040528'),
(109,2,12,'20040417','20040508','20040424'),
(28,2,5,'20040414','20040505','20040519'),
(58,2,2,'20040328','20040418','20040422'),
(41,2,16,'20040323','20040413','20040329'),
(64,2,19,'20040311','20040401','20040315'),
(42,2,19,'20040227','20040319','20040229'),
(168,2,1,'20040128','20040218','20040212'),
(136,2,20,'20040122','20040212','20040201'),
(73,2,24,'20040114','20040204','20040115'),
(161,2,27,'20040103','20040124','20040120'),
(110,2,5,'20031129','20031220','20031203'),
(66,2,15,'20031115','20031206','20031202'),
(67,2,11,'20031112','20031203','20031113'),
(68,2,5,'20031110','20031201','20031206'),
(41,2,26,'20031029','20031119','20031108'),
(78,2,21,'20031007','20031028','20031103'),
(80,2,6,'20031005','20031026','20031014'),
(139,2,14,'20030914','20031005','20031011'),
(65,2,4,'20030901','20030922','20030908'),
(74,2,2,'20030815','20030905','20030820'),
(98,2,5,'20030712','20030802','20030718'),
(189,2,23,'20030703','20030724','20030731'),
(165,2,4,'20030519','20030609','20030602'),
(67,2,19,'20030406','20030427','20030411'),
(20,2,26,'20030331','20030421','20030424'),
(128,2,1,'20030305','20030326','20030308'),
(70,2,16,'20030204','20030225','20030207'),
(100,2,20,'20030130','20030220','20030211'),
(81,2,20,'20030108','20030129','20030126'),
(113,2,16,'20030101','20030122','20030118'),
(147,2,5,'20021229','20030119','20030122'),
(177,2,2,'20021207','20021228','20021208'),
(93,2,6,'20021026','20021116','20021028'),
(82,2,3,'20021018','20021108','20021022'),
(86,2,7,'20021004','20021025','20021017'),
(138,2,10,'20020928','20021019','20021009'),
(189,2,19,'20020916','20021007','20020923'),
(128,2,2,'20020906','20020927','20020913'),
(81,2,11,'20020904','20020925','20020926'),
(27,2,24,'20020828','20020918','20020910'),
(4,2,5,'20020810','20020831','20020830'),
(193,2,1,'20020805','20020826','20020806'),
(65,2,15,'20020428','20020519','20020505'),
(111,2,14,'20020423','20020514','20020531'),
(66,2,21,'20020413','20020504','20020415'),
(171,2,27,'20020323','20020413','20020408'),
(73,2,7,'20020319','20020409','20020325'),
(80,2,3,'20020312','20020402','20020319'),
(92,2,20,'20020309','20020330','20020312'),
(143,2,12,'20020212','20020305','20020213'),
(68,2,8,'20020131','20020221','20020222'),
(18,2,16,'20020130','20020220','20020201'),
(103,2,24,'20020127','20020217','20020212'),
(64,2,10,'20011228','20020118','20020104'),
(57,2,3,'20011125','20011216','20011128'),
(73,2,3,'20011117','20011208','20011203'),
(5,2,6,'20011110','20011201','20011126'),
(78,2,13,'20011108','20011129','20011123'),
(80,2,14,'20011018','20011108','20011022'),
(66,2,26,'20010927','20011018','20011005'),
(148,2,5,'20010913','20011004','20010915'),
(68,2,18,'20010902','20010923','20010903'),
(131,2,13,'20010828','20010918','20010830'),
(55,2,11,'20010807','20010828','20010812'),
(139,2,23,'20010728','20010818','20010729'),
(122,2,25,'20010725','20010815','20010801'),
(127,2,26,'20010707','20010728','20010727'),
(33,2,15,'20010704','20010725','20010711'),
(79,2,23,'20010617','20010708','20010701'),
(39,2,15,'20010611','20010702','20010615'),
(190,2,1,'20010516','20010606','20010522'),
(124,2,8,'20010403','20010424','20010425'),
(171,2,12,'20010326','20010416','20010329'),
(14,2,16,'20010306','20010327','20010326'),
(180,2,10,'20010301','20010322','20010303'),
(144,3,26,'20161218','20170108',NULL),
(119,3,1,'20161209','20161230','20161219'),
(160,3,10,'20161208','20161229','20161222'),
(56,3,7,'20161128','20161219','20161201'),
(98,3,6,'20161113','20161204','20161201'),
(135,3,23,'20161108','20161129','20161111'),
(71,3,13,'20161025','20161115','20161111'),
(28,3,13,'20161012','20161102','20161019'),
(60,3,21,'20161011','20161101','20161014'),
(58,3,24,'20160805','20160826','20160806'),
(188,3,24,'20160803','20160824','20160825'),
(128,3,8,'20160724','20160814','20160730'),
(86,3,18,'20160716','20160806','20160720'),
(40,3,13,'20160709','20160730','20160710'),
(182,3,11,'20160531','20160621','20160611'),
(60,3,20,'20160528','20160618','20160616'),
(188,3,11,'20160523','20160613','20160606'),
(174,3,13,'20160516','20160606','20160529'),
(69,3,2,'20160502','20160523','20160514'),
(106,3,12,'20160428','20160519','20160513'),
(143,3,3,'20160326','20160416','20160328'),
(181,3,5,'20160318','20160408','20160329'),
(101,3,10,'20160312','20160402','20160406'),
(8,3,15,'20160216','20160308','20160320'),
(46,3,24,'20160131','20160221','20160206'),
(104,3,24,'20160113','20160203','20160115'),
(114,3,13,'20160111','20160201','20160129'),
(155,3,11,'20160108','20160129','20160123'),
(158,3,12,'20160101','20160122','20160117'),
(149,3,21,'20151105','20151126','20151124'),
(54,3,20,'20151102','20151123','20151104'),
(91,3,13,'20151018','20151108','20151119'),
(57,3,2,'20151016','20151106','20151017'),
(22,3,23,'20151012','20151102','20151014'),
(115,3,16,'20150928','20151019','20151005'),
(107,3,16,'20150926','20151017','20150928'),
(18,3,5,'20150913','20151004','20150914'),
(102,3,2,'20150906','20150927','20150917'),
(116,3,13,'20150905','20150926','20150914'),
(168,3,19,'20150903','20150924','20150905'),
(172,3,1,'20150828','20150918','20150905'),
(140,3,27,'20150828','20150918','20150919'),
(186,3,4,'20150822','20150912','20150908'),
(200,3,16,'20150817','20150907','20150822'),
(181,3,2,'20150802','20150823','20150826'),
(84,3,7,'20150527','20150617','20150531'),
(51,3,4,'20150517','20150607','20150607'),
(30,3,21,'20150501','20150522','20150609'),
(63,3,11,'20150426','20150517','20150503'),
(105,3,2,'20150323','20150413','20150403'),
(83,3,7,'20150222','20150315','20150223'),
(110,3,19,'20150202','20150223','20150205'),
(150,3,19,'20150106','20150127','20150119'),
(149,3,1,'20150102','20150123','20150205'),
(190,3,25,'20141219','20150109','20141224'),
(149,3,11,'20141215','20150105','20150104'),
(136,3,27,'20141215','20150105','20141216'),
(198,3,25,'20141203','20141224','20141223'),
(4,3,8,'20141126','20141217','20141127'),
(69,3,20,'20141111','20141202','20141126'),
(132,3,8,'20141022','20141112','20141026'),
(34,3,24,'20141019','20141109','20141025'),
(61,3,19,'20141011','20141101','20141012'),
(67,3,23,'20141005','20141026','20141006'),
(36,3,8,'20140828','20140918','20140925'),
(74,3,12,'20140812','20140902','20140816'),
(18,3,7,'20140808','20140829','20140824'),
(198,3,25,'20140705','20140726','20140708'),
(68,3,13,'20140610','20140701','20140614'),
(97,3,18,'20140527','20140617','20140710'),
(56,3,6,'20140426','20140517','20140607'),
(149,3,13,'20140302','20140323','20140304'),
(179,3,23,'20140222','20140315','20140310'),
(14,3,8,'20140214','20140307','20140226'),
(157,3,19,'20131229','20140119','20140116'),
(160,3,11,'20131217','20140107','20131218'),
(150,3,8,'20131207','20131228','20131209'),
(183,3,18,'20131103','20131124','20131104'),
(166,3,25,'20131030','20131120','20131101'),
(35,3,3,'20131026','20131116','20131121'),
(175,3,14,'20131015','20131105','20131023'),
(95,3,3,'20131014','20131104','20131019'),
(47,3,13,'20130928','20131019','20131020'),
(50,3,27,'20130906','20130927','20130919'),
(186,3,19,'20130827','20130917','20130918'),
(192,3,24,'20130709','20130730','20130731'),
(160,3,6,'20130613','20130704','20130626'),
(176,3,15,'20130604','20130625','20130702'),
(96,3,18,'20130513','20130603','20130514'),
(177,3,6,'20130427','20130518','20130529'),
(151,3,14,'20130414','20130505','20130416'),
(155,3,13,'20130316','20130406','20130324'),
(93,3,20,'20130228','20130321','20130314'),
(57,3,18,'20130116','20130206','20130122'),
(57,3,27,'20121217','20130107','20121219'),
(102,3,20,'20121216','20130106','20121218'),
(122,3,23,'20121216','20130106','20121224'),
(66,3,1,'20121208','20121229','20121211'),
(100,3,19,'20121205','20121226','20121206'),
(153,3,13,'20121202','20121223','20121204'),
(89,3,11,'20121026','20121116','20121107'),
(128,3,23,'20120930','20121021','20121025'),
(159,3,1,'20120902','20120923','20120907'),
(197,3,27,'20120902','20120923','20120915'),
(8,3,3,'20120726','20120816','20120823'),
(131,3,19,'20120717','20120807','20120720'),
(100,3,26,'20120713','20120803','20120714'),
(185,3,25,'20120625','20120716','20120629'),
(60,3,19,'20120616','20120707','20120619'),
(182,3,4,'20120613','20120704','20120627'),
(123,3,8,'20120610','20120701','20120722'),
(188,3,18,'20120516','20120606','20120527'),
(187,3,23,'20120510','20120531','20120511'),
(109,3,8,'20120422','20120513','20120605'),
(102,3,1,'20120418','20120509','20120424'),
(50,3,8,'20120310','20120331','20120402'),
(89,3,11,'20120227','20120319','20120307'),
(145,3,5,'20120222','20120314','20120304'),
(113,3,11,'20120213','20120305','20120214'),
(9,3,24,'20120124','20120214','20120127'),
(45,3,7,'20120115','20120205','20120117'),
(76,3,5,'20120113','20120203','20120206'),
(43,3,6,'20120106','20120127','20120109'),
(111,3,21,'20111129','20111220','20111208'),
(162,3,23,'20111116','20111207','20111125'),
(6,3,6,'20111115','20111206','20111120'),
(184,3,20,'20111031','20111121','20111107'),
(199,3,3,'20111029','20111119','20111110'),
(15,3,27,'20111005','20111026','20111014'),
(45,3,18,'20110927','20111018','20111102'),
(90,3,27,'20110829','20110919','20110831'),
(136,3,20,'20110817','20110907','20110820'),
(120,3,13,'20110816','20110906','20110822'),
(32,3,18,'20110812','20110902','20110818'),
(57,3,16,'20110806','20110827','20110819'),
(175,3,21,'20110626','20110717','20110712'),
(103,3,24,'20110615','20110706','20110619'),
(31,3,16,'20110610','20110701','20110611'),
(42,3,27,'20110606','20110627','20110607'),
(167,3,18,'20110529','20110619','20110531'),
(20,3,14,'20110425','20110516','20110426'),
(42,3,20,'20110406','20110427','20110417'),
(100,3,8,'20110330','20110420','20110423'),
(176,3,27,'20110206','20110227','20110212'),
(35,3,4,'20110204','20110225','20110209'),
(9,3,25,'20110202','20110223','20110207'),
(22,3,24,'20110115','20110205','20110129'),
(85,3,2,'20101031','20101121','20101101'),
(3,3,13,'20101018','20101108','20101102'),
(93,3,1,'20101010','20101031','20101024'),
(173,3,10,'20100923','20101014','20101005'),
(9,3,12,'20100903','20100924','20100904'),
(22,3,27,'20100804','20100825','20100819'),
(42,3,5,'20100504','20100525','20100515'),
(2,3,20,'20100428','20100519','20100429'),
(44,3,2,'20100423','20100514','20100510'),
(179,3,8,'20100413','20100504','20100513'),
(182,3,7,'20100218','20100311','20100308'),
(199,3,4,'20100124','20100214','20100224'),
(111,3,5,'20100105','20100126','20100124'),
(192,3,7,'20100105','20100126','20100118'),
(61,3,23,'20091222','20100112','20091228'),
(166,3,12,'20091206','20091227','20091208'),
(130,3,20,'20091114','20091205','20091115'),
(181,3,21,'20091104','20091125','20091106'),
(167,3,24,'20091102','20091123','20091103'),
(90,3,14,'20091015','20091105','20091105'),
(138,3,7,'20091006','20091027','20091012'),
(164,3,1,'20090923','20091014','20090929'),
(4,3,4,'20090913','20091004','20090926'),
(180,3,21,'20090828','20090918','20090909'),
(177,3,5,'20090731','20090821','20090819'),
(120,3,15,'20090713','20090803','20090719'),
(29,3,27,'20090609','20090630','20090705'),
(33,3,27,'20090512','20090602','20090525'),
(184,3,23,'20090510','20090531','20090610'),
(176,3,1,'20090321','20090411','20090325'),
(126,3,1,'20090302','20090323','20090305'),
(138,3,27,'20090130','20090220','20090131'),
(117,3,7,'20090118','20090208','20090127'),
(29,3,10,'20081226','20090116','20090122'),
(168,3,2,'20081102','20081123','20081104'),
(10,3,26,'20080927','20081018','20080928'),
(42,3,6,'20080903','20080924','20080915'),
(2,3,26,'20080831','20080921','20080912'),
(97,3,10,'20080812','20080902','20080818'),
(95,3,18,'20080810','20080831','20080814'),
(33,3,7,'20080726','20080816','20080806'),
(12,3,25,'20080623','20080714','20080701'),
(129,3,25,'20080614','20080705','20080721'),
(116,3,2,'20080423','20080514','20080506'),
(113,3,3,'20080417','20080508','20080427'),
(145,3,2,'20080409','20080430','20080412'),
(142,3,15,'20080225','20080317','20080328'),
(154,3,15,'20080216','20080308','20080308'),
(38,3,27,'20080128','20080218','20080214'),
(41,3,18,'20080123','20080213','20080124'),
(46,3,7,'20080108','20080129','20080115'),
(9,3,13,'20080108','20080129','20080110'),
(60,3,26,'20080105','20080126','20080214'),
(61,3,20,'20071230','20080120','20080115'),
(188,3,13,'20071214','20080104','20071231'),
(15,3,26,'20071129','20071220','20071206'),
(120,3,26,'20071016','20071106','20071106'),
(36,3,6,'20071010','20071031','20071113'),
(167,3,11,'20071007','20071028','20071102'),
(171,3,8,'20070901','20070922','20070917'),
(181,3,3,'20070808','20070829','20070831'),
(92,3,3,'20070807','20070828','20070907'),
(107,3,12,'20070807','20070828','20070809'),
(8,3,21,'20070725','20070815','20070804'),
(119,3,24,'20070725','20070815','20070805'),
(47,3,24,'20070714','20070804','20070720'),
(129,3,7,'20070712','20070802','20070807'),
(198,3,12,'20070704','20070725','20070804'),
(125,3,23,'20070522','20070612','20070524'),
(85,3,10,'20070327','20070417','20070328'),
(1,3,21,'20070316','20070406','20070402'),
(32,3,14,'20070314','20070404','20070318'),
(45,3,11,'20070214','20070307','20070218'),
(94,3,16,'20070113','20070203','20070128'),
(17,3,21,'20070110','20070131','20070213'),
(192,3,4,'20061227','20070117','20070103'),
(183,3,15,'20061225','20070115','20070118'),
(178,3,25,'20061224','20070114','20061227'),
(137,3,21,'20061223','20070113','20070118'),
(25,3,16,'20061215','20070105','20061221'),
(66,3,18,'20061203','20061224','20061210'),
(113,3,14,'20061112','20061203','20061119'),
(40,3,13,'20061001','20061022','20061007'),
(55,3,13,'20060924','20061015','20060926'),
(45,3,16,'20060905','20060926','20060921'),
(194,3,16,'20060823','20060913','20060824'),
(69,3,20,'20060810','20060831','20060831'),
(123,3,26,'20060724','20060814','20060803'),
(88,3,4,'20060719','20060809','20060725'),
(63,3,5,'20060615','20060706','20060623'),
(11,3,21,'20060529','20060619','20060611'),
(43,3,1,'20060429','20060520','20060502'),
(17,3,10,'20060409','20060430','20060410'),
(95,3,23,'20060401','20060422','20060425'),
(64,3,1,'20060324','20060414','20060404'),
(165,3,23,'20060323','20060413','20060425'),
(117,3,20,'20060314','20060404','20060315'),
(152,3,5,'20060203','20060224','20060214'),
(10,3,4,'20060113','20060203','20060115'),
(74,3,18,'20051208','20051229','20051209'),
(166,3,20,'20051208','20051229','20060102'),
(42,3,1,'20051016','20051106','20051127'),
(51,3,5,'20050811','20050901','20050817'),
(113,3,26,'20050716','20050806','20050731'),
(191,3,23,'20050715','20050805','20050808'),
(72,3,12,'20050703','20050724','20050705'),
(61,3,13,'20050624','20050715','20050625'),
(89,3,11,'20050616','20050707','20050620'),
(83,3,24,'20050615','20050706','20050616'),
(162,3,20,'20050608','20050629','20050611'),
(14,3,3,'20050605','20050626','20050629'),
(138,3,26,'20050603','20050624','20050612'),
(176,3,15,'20050530','20050620','20050531'),
(138,3,25,'20050418','20050509','20050419'),
(20,3,24,'20050317','20050407','20050321'),
(6,3,3,'20050314','20050404','20050402'),
(174,3,16,'20050308','20050329','20050407'),
(142,3,15,'20050223','20050316','20050313'),
(62,3,14,'20041222','20050112','20041228'),
(168,3,12,'20041216','20050106','20050105'),
(13,3,8,'20041213','20050103','20041220'),
(70,3,26,'20041125','20041216','20041127'),
(121,3,16,'20041014','20041104','20041023'),
(70,3,8,'20040915','20041006','20040916'),
(64,3,13,'20040915','20041006','20040927'),
(155,3,6,'20040910','20041001','20040926'),
(85,3,13,'20040904','20040925','20040929'),
(154,3,18,'20040813','20040903','20040914'),
(74,3,25,'20040722','20040812','20040731'),
(170,3,1,'20040710','20040731','20040726'),
(81,3,13,'20040625','20040716','20040722'),
(99,3,7,'20040515','20040605','20040523'),
(64,3,20,'20040512','20040602','20040607'),
(162,3,4,'20040410','20040501','20040427'),
(158,3,2,'20040407','20040428','20040411'),
(177,3,18,'20040407','20040428','20040408'),
(51,3,14,'20040317','20040407','20040327'),
(4,3,18,'20040312','20040402','20040409'),
(68,3,11,'20040303','20040324','20040305'),
(198,3,24,'20040218','20040310','20040220'),
(86,3,12,'20040212','20040304','20040303'),
(95,3,15,'20040212','20040304','20040225'),
(4,3,6,'20040204','20040225','20040217'),
(129,3,3,'20040128','20040218','20040202'),
(27,3,16,'20031229','20040119','20040202'),
(83,3,4,'20031211','20040101','20031222'),
(49,3,27,'20031208','20031229','20031222'),
(161,3,14,'20031204','20031225','20031214'),
(69,3,24,'20031016','20031106','20031027'),
(189,3,10,'20030926','20031017','20031103'),
(25,3,4,'20030913','20031004','20031009'),
(112,3,16,'20030730','20030820','20030802'),
(25,3,5,'20030716','20030806','20030723'),
(26,3,20,'20030609','20030630','20030619'),
(79,3,7,'20030523','20030613','20030703'),
(190,3,18,'20030321','20030411','20030325'),
(175,3,4,'20030131','20030221','20030304'),
(94,3,14,'20030128','20030218','20030210'),
(116,3,1,'20021227','20030117','20021230'),
(63,3,1,'20021203','20021224','20021205'),
(100,3,7,'20021028','20021118','20021103'),
(77,3,2,'20020913','20021004','20020929'),
(72,3,8,'20020824','20020914','20020831'),
(62,3,10,'20020716','20020806','20020717'),
(116,3,12,'20020707','20020728','20020715'),
(185,3,7,'20020629','20020720','20020716'),
(86,3,4,'20020607','20020628','20020626'),
(176,3,15,'20020605','20020626','20020607'),
(181,3,6,'20020526','20020616','20020527')
GO

INSERT INTO BOOK_LOANS
	VALUES
	(49,3,14,'20020525','20020615','20020527'),
(124,3,15,'20020413','20020504','20020508'),
(100,3,21,'20020408','20020429','20020428'),
(180,3,11,'20020312','20020402','20020314'),
(191,3,8,'20020225','20020318','20020325'),
(98,3,7,'20020224','20020317','20020312'),
(172,3,1,'20020218','20020311','20020224'),
(198,3,12,'20020211','20020304','20020213'),
(77,3,4,'20020127','20020217','20020222'),
(122,3,11,'20020114','20020204','20020120'),
(177,3,8,'20011212','20020102','20011218'),
(172,3,10,'20011209','20011230','20011230'),
(138,3,7,'20011201','20011222','20011224'),
(151,3,4,'20011127','20011218','20011206'),
(108,3,14,'20011113','20011204','20011116'),
(84,3,11,'20011029','20011119','20011126'),
(119,3,4,'20011027','20011117','20011102'),
(77,3,2,'20010908','20010929','20010909'),
(153,3,1,'20010711','20010801','20010724'),
(135,3,16,'20010523','20010613','20010528'),
(116,3,15,'20010429','20010520','20010523'),
(140,3,13,'20010417','20010508','20010513'),
(153,3,7,'20010405','20010426','20010411'),
(35,3,10,'20010325','20010415','20010415'),
(188,3,13,'20010128','20010218','20010210'),
(184,3,12,'20010125','20010215','20010129'),
(33,4,3,'20161218','20170108',NULL),
(116,4,15,'20161218','20170108',NULL),
(146,4,15,'20161218','20170108',NULL),
(132,4,19,'20161218','20170108',NULL),
(152,4,26,'20161218','20170108',NULL),
(120,4,11,'20161214','20170104','20161215'),
(149,4,14,'20161203','20161224','20161204'),
(200,4,5,'20161202','20161223','20161207'),
(173,4,7,'20161031','20161121','20161118'),
(172,4,18,'20161024','20161114','20161123'),
(102,4,16,'20161023','20161113','20161101'),
(59,4,14,'20160918','20161009','20161020'),
(38,4,15,'20160911','20161002','20161010'),
(71,4,18,'20160904','20160925','20160915'),
(11,4,1,'20160824','20160914','20160829'),
(72,4,11,'20160824','20160914','20160903'),
(122,4,2,'20160822','20160912','20160905'),
(142,4,25,'20160812','20160902','20160827'),
(53,4,3,'20160702','20160723','20160710'),
(9,4,5,'20160401','20160422','20160408'),
(162,4,5,'20160320','20160410','20160422'),
(198,4,15,'20160320','20160410','20160331'),
(20,4,23,'20160319','20160409','20160408'),
(28,4,16,'20160316','20160406','20160331'),
(197,4,7,'20160308','20160329','20160409'),
(28,4,25,'20160303','20160324','20160306'),
(182,4,21,'20160302','20160323','20160315'),
(125,4,13,'20160212','20160304','20160218'),
(145,4,5,'20160102','20160123','20160105'),
(49,4,2,'20151111','20151202','20151205'),
(104,4,23,'20151026','20151116','20151029'),
(66,4,11,'20151016','20151106','20151109'),
(6,4,21,'20151010','20151031','20151012'),
(27,4,12,'20151007','20151028','20151017'),
(19,4,3,'20151003','20151024','20151015'),
(176,4,18,'20150927','20151018','20151003'),
(98,4,7,'20150925','20151016','20150928'),
(73,4,21,'20150910','20151001','20151001'),
(154,4,21,'20150723','20150813','20150828'),
(10,4,8,'20150628','20150719','20150712'),
(175,4,11,'20150615','20150706','20150617'),
(22,4,11,'20150527','20150617','20150610'),
(200,4,19,'20150429','20150520','20150507'),
(40,4,13,'20150422','20150513','20150427'),
(134,4,15,'20150405','20150426','20150416'),
(199,4,18,'20150401','20150422','20150414'),
(127,4,19,'20150324','20150414','20150405'),
(31,4,3,'20150312','20150402','20150314'),
(112,4,2,'20150310','20150331','20150320'),
(88,4,23,'20150108','20150129','20150109'),
(123,4,8,'20141128','20141219','20141130'),
(139,4,11,'20141124','20141215','20141218'),
(176,4,3,'20141116','20141207','20141206'),
(163,4,16,'20141113','20141204','20141114'),
(131,4,27,'20141113','20141204','20141120'),
(43,4,1,'20141105','20141126','20141126'),
(88,4,12,'20141027','20141117','20141127'),
(189,4,2,'20141018','20141108','20141019'),
(156,4,13,'20140928','20141019','20141009'),
(93,4,11,'20140806','20140827','20140818'),
(104,4,7,'20140731','20140821','20140801'),
(175,4,5,'20140719','20140809','20140829'),
(89,4,25,'20140709','20140730','20140713'),
(43,4,7,'20140517','20140607','20140518'),
(18,4,19,'20140512','20140602','20140517'),
(7,4,6,'20140415','20140506','20140510'),
(1,4,1,'20140407','20140428','20140409'),
(62,4,27,'20140403','20140424','20140409'),
(103,4,8,'20140401','20140422','20140429'),
(112,4,8,'20140318','20140408','20140401'),
(88,4,2,'20140316','20140406','20140322'),
(101,4,6,'20140314','20140404','20140413'),
(34,4,20,'20140309','20140330','20140313'),
(57,4,15,'20140127','20140217','20140225'),
(120,4,16,'20131211','20140101','20131213'),
(23,4,4,'20131115','20131206','20131127'),
(157,4,24,'20131014','20131104','20131017'),
(45,4,20,'20130827','20130917','20130909'),
(10,4,20,'20130826','20130916','20130903'),
(125,4,2,'20130814','20130904','20130821'),
(180,4,7,'20130814','20130904','20130824'),
(42,4,1,'20130628','20130719','20130703'),
(139,4,24,'20130613','20130704','20130627'),
(168,4,24,'20130429','20130520','20130512'),
(170,4,26,'20130428','20130519','20130513'),
(157,4,23,'20130425','20130516','20130427'),
(154,4,8,'20130331','20130421','20130419'),
(114,4,23,'20130321','20130411','20130408'),
(16,4,25,'20130308','20130329','20130319'),
(141,4,3,'20130129','20130219','20130218'),
(189,4,26,'20130109','20130130','20130112'),
(83,4,25,'20121229','20130119','20121230'),
(109,4,14,'20121223','20130113','20121227'),
(90,4,5,'20121128','20121219','20121208'),
(17,4,7,'20121112','20121203','20121115'),
(144,4,24,'20121009','20121030','20121019'),
(57,4,20,'20120901','20120922','20120915'),
(108,4,16,'20120830','20120920','20120918'),
(157,4,18,'20120826','20120916','20120906'),
(185,4,19,'20120810','20120831','20120811'),
(99,4,20,'20120808','20120829','20120815'),
(194,4,14,'20120728','20120818','20120802'),
(45,4,21,'20120709','20120730','20120715'),
(8,4,3,'20120612','20120703','20120616'),
(66,4,27,'20120407','20120428','20120408'),
(32,4,3,'20120402','20120423','20120410'),
(167,4,16,'20120319','20120409','20120404'),
(51,4,4,'20120316','20120406','20120401'),
(190,4,5,'20120222','20120314','20120316'),
(5,4,19,'20120211','20120303','20120301'),
(194,4,14,'20120111','20120201','20120115'),
(170,4,19,'20120110','20120131','20120115'),
(128,4,24,'20111109','20111130','20111205'),
(19,4,25,'20111010','20111031','20111015'),
(107,4,6,'20110828','20110918','20110829'),
(134,4,1,'20110719','20110809','20110802'),
(73,4,11,'20110629','20110720','20110706'),
(139,4,24,'20110615','20110706','20110704'),
(141,4,18,'20110607','20110628','20110615'),
(196,4,4,'20110509','20110530','20110524'),
(47,4,14,'20110425','20110516','20110430'),
(131,4,5,'20110405','20110426','20110421'),
(133,4,4,'20110404','20110425','20110412'),
(139,4,26,'20110328','20110418','20110411'),
(95,4,19,'20110320','20110410','20110401'),
(109,4,13,'20110305','20110326','20110402'),
(168,4,19,'20110105','20110126','20110116'),
(168,4,10,'20101218','20110108','20101225'),
(29,4,16,'20101215','20110105','20110104'),
(169,4,11,'20101214','20110104','20101222'),
(151,4,26,'20101206','20101227','20101213'),
(10,4,1,'20101114','20101205','20101118'),
(195,4,16,'20101029','20101119','20101030'),
(52,4,6,'20101025','20101115','20101104'),
(85,4,20,'20101024','20101114','20101122'),
(153,4,5,'20100730','20100820','20100804'),
(154,4,8,'20100623','20100714','20100710'),
(1,4,13,'20100616','20100707','20100624'),
(34,4,11,'20100613','20100704','20100624'),
(58,4,4,'20100606','20100627','20100614'),
(134,4,3,'20100531','20100621','20100603'),
(33,4,16,'20100526','20100616','20100607'),
(105,4,25,'20100512','20100602','20100609'),
(72,4,15,'20100328','20100418','20100414'),
(128,4,15,'20100320','20100410','20100323'),
(197,4,14,'20100318','20100408','20100323'),
(21,4,2,'20100310','20100331','20100312'),
(182,4,18,'20100210','20100303','20100212'),
(108,4,27,'20100111','20100201','20100207'),
(190,4,15,'20091125','20091216','20091216'),
(43,4,12,'20091114','20091205','20091118'),
(78,4,3,'20091026','20091116','20091113'),
(28,4,3,'20091019','20091109','20091020'),
(164,4,19,'20090929','20091020','20091003'),
(117,4,10,'20090927','20091018','20091016'),
(149,4,24,'20090803','20090824','20090825'),
(52,4,2,'20090712','20090802','20090720'),
(162,4,7,'20090613','20090704','20090614'),
(200,4,27,'20090609','20090630','20090707'),
(122,4,24,'20090523','20090613','20090524'),
(52,4,27,'20090429','20090520','20090502'),
(79,4,3,'20090403','20090424','20090510'),
(68,4,14,'20090315','20090405','20090324'),
(40,4,24,'20090311','20090401','20090314'),
(28,4,7,'20090302','20090323','20090309'),
(191,4,6,'20081124','20081215','20081127'),
(82,4,2,'20081019','20081109','20081031'),
(155,4,23,'20081013','20081103','20081014'),
(131,4,25,'20080906','20080927','20081013'),
(163,4,7,'20080830','20080920','20080908'),
(150,4,14,'20080827','20080917','20080901'),
(190,4,4,'20080826','20080916','20080830'),
(190,4,19,'20080726','20080816','20080804'),
(11,4,18,'20080711','20080801','20080713'),
(56,4,3,'20080609','20080630','20080708'),
(90,4,26,'20080602','20080623','20080608'),
(125,4,11,'20080531','20080621','20080609'),
(37,4,5,'20080527','20080617','20080602'),
(63,4,4,'20080429','20080520','20080430'),
(159,4,15,'20080309','20080330','20080311'),
(135,4,21,'20080225','20080317','20080228'),
(184,4,23,'20080209','20080301','20080211'),
(138,4,18,'20080208','20080229','20080304'),
(145,4,18,'20080122','20080212','20080124'),
(178,4,21,'20080116','20080206','20080127'),
(189,4,18,'20071231','20080121','20080103'),
(50,4,23,'20071228','20080118','20080114'),
(48,4,13,'20071118','20071209','20071124'),
(134,4,23,'20071029','20071119','20071031'),
(17,4,7,'20071013','20071103','20071015'),
(62,4,24,'20071012','20071102','20071014'),
(128,4,24,'20070927','20071018','20070928'),
(180,4,10,'20070922','20071013','20070930'),
(145,4,14,'20070916','20071007','20070926'),
(133,4,16,'20070908','20070929','20070911'),
(92,4,13,'20070828','20070918','20070829'),
(187,4,23,'20070817','20070907','20070818'),
(99,4,16,'20070809','20070830','20070811'),
(115,4,21,'20070702','20070723','20070703'),
(78,4,24,'20070701','20070722','20070705'),
(92,4,19,'20070607','20070628','20070624'),
(71,4,8,'20070602','20070623','20070611'),
(104,4,11,'20070529','20070619','20070621'),
(50,4,5,'20070508','20070529','20070526'),
(186,4,27,'20070502','20070523','20070509'),
(137,4,24,'20070401','20070422','20070404'),
(93,4,14,'20070209','20070302','20070220'),
(148,4,12,'20070127','20070217','20070206'),
(111,4,26,'20070116','20070206','20070120'),
(8,4,25,'20061222','20070112','20070101'),
(36,4,27,'20061107','20061128','20061111'),
(105,4,13,'20061103','20061124','20061104'),
(115,4,25,'20061102','20061123','20061104'),
(40,4,25,'20061101','20061122','20061118'),
(96,4,20,'20061025','20061115','20061126'),
(18,4,26,'20061019','20061109','20061111'),
(7,4,24,'20061018','20061108','20061027'),
(37,4,23,'20060924','20061015','20061022'),
(4,4,20,'20060901','20060922','20060902'),
(97,4,15,'20060830','20060920','20060908'),
(84,4,26,'20060817','20060907','20060818'),
(17,4,6,'20060627','20060718','20060708'),
(150,4,23,'20060418','20060509','20060513'),
(136,4,16,'20060408','20060429','20060409'),
(72,4,25,'20060406','20060427','20060513'),
(152,4,27,'20060330','20060420','20060406'),
(168,4,16,'20060318','20060408','20060321'),
(122,4,5,'20060224','20060317','20060303'),
(142,4,4,'20060203','20060224','20060316'),
(71,4,6,'20060112','20060202','20060127'),
(3,4,23,'20060109','20060130','20060201'),
(182,4,26,'20051224','20060114','20060126'),
(30,4,3,'20051211','20060101','20051212'),
(142,4,12,'20051030','20051120','20051031'),
(132,4,5,'20051029','20051119','20051104'),
(30,4,19,'20051028','20051118','20051103'),
(34,4,14,'20051025','20051115','20051028'),
(67,4,13,'20051022','20051112','20051112'),
(15,4,13,'20051017','20051107','20051031'),
(76,4,12,'20051004','20051025','20051015'),
(200,4,26,'20050904','20050925','20050913'),
(92,4,19,'20050714','20050804','20050716'),
(119,4,1,'20050626','20050717','20050701'),
(82,4,1,'20050608','20050629','20050709'),
(85,4,20,'20050509','20050530','20050515'),
(129,4,10,'20050506','20050527','20050507'),
(146,4,19,'20050430','20050521','20050521'),
(92,4,1,'20050412','20050503','20050419'),
(171,4,1,'20050401','20050422','20050428'),
(4,4,23,'20050328','20050418','20050419'),
(174,4,26,'20050322','20050412','20050405'),
(143,4,4,'20050319','20050409','20050331'),
(11,4,4,'20050222','20050315','20050304'),
(3,4,26,'20050125','20050215','20050202'),
(108,4,3,'20041213','20050103','20041223'),
(168,4,16,'20041212','20050102','20041216'),
(160,4,3,'20041207','20041228','20050114'),
(146,4,12,'20041023','20041113','20041105'),
(171,4,16,'20041013','20041103','20041117'),
(178,4,14,'20040930','20041021','20041007'),
(98,4,3,'20040927','20041018','20040928'),
(159,4,14,'20040902','20040923','20040927'),
(114,4,7,'20040731','20040821','20040810'),
(38,4,12,'20040624','20040715','20040710'),
(175,4,13,'20040529','20040619','20040607'),
(99,4,1,'20040414','20040505','20040420'),
(9,4,18,'20040331','20040421','20040423'),
(19,4,4,'20040112','20040202','20040124'),
(166,4,26,'20031229','20040119','20040116'),
(32,4,2,'20031209','20031230','20031215'),
(81,4,13,'20031103','20031124','20031105'),
(198,4,25,'20031022','20031112','20031103'),
(115,4,1,'20030924','20031015','20031023'),
(152,4,14,'20030904','20030925','20030928'),
(156,4,3,'20030815','20030905','20030829'),
(172,4,25,'20030718','20030808','20030719'),
(65,4,14,'20030717','20030807','20030809'),
(89,4,18,'20030519','20030609','20030606'),
(177,4,15,'20030517','20030607','20030521'),
(143,4,7,'20030410','20030501','20030416'),
(119,4,26,'20030410','20030501','20030425'),
(68,4,26,'20030311','20030401','20030318'),
(65,4,12,'20030222','20030315','20030224'),
(105,4,15,'20030217','20030310','20030304'),
(77,4,2,'20030216','20030309','20030218'),
(129,4,1,'20030203','20030224','20030226'),
(108,4,7,'20030130','20030220','20030131'),
(119,4,16,'20030127','20030217','20030204'),
(124,4,6,'20030113','20030203','20030207'),
(184,4,14,'20021216','20030106','20021221'),
(160,4,13,'20021215','20030105','20021216'),
(60,4,2,'20021107','20021128','20021113'),
(174,4,7,'20021105','20021126','20021120'),
(55,4,11,'20021023','20021113','20021102'),
(31,4,3,'20020916','20021007','20020930'),
(188,4,16,'20020903','20020924','20021005'),
(84,4,14,'20020830','20020920','20020914'),
(190,4,12,'20020728','20020818','20020803'),
(64,4,15,'20020718','20020808','20020729'),
(73,4,7,'20020713','20020803','20020715'),
(197,4,23,'20020626','20020717','20020717'),
(24,4,10,'20020527','20020617','20020531'),
(43,4,7,'20020523','20020613','20020530'),
(48,4,27,'20020423','20020514','20020525'),
(200,4,19,'20020305','20020326','20020310'),
(61,4,5,'20020302','20020323','20020304'),
(117,4,14,'20020212','20020305','20020213'),
(58,4,6,'20020129','20020219','20020201'),
(126,4,26,'20020126','20020216','20020201'),
(105,4,7,'20011228','20020118','20020104'),
(23,4,5,'20011208','20011229','20011214'),
(79,4,2,'20011207','20011228','20020105'),
(162,4,3,'20011028','20011118','20011102'),
(176,4,3,'20011019','20011109','20011029'),
(127,4,26,'20011018','20011108','20011026'),
(23,4,15,'20011017','20011107','20011022'),
(188,4,25,'20010906','20010927','20010916'),
(4,4,1,'20010818','20010908','20010919'),
(183,4,23,'20010817','20010907','20010824'),
(139,4,21,'20010814','20010904','20010826'),
(119,4,2,'20010813','20010903','20010822'),
(35,4,27,'20010803','20010824','20010904'),
(140,4,14,'20010727','20010817','20010814'),
(166,4,25,'20010622','20010713','20010708'),
(89,4,10,'20010519','20010609','20010602'),
(117,4,12,'20010515','20010605','20010524'),
(44,4,24,'20010512','20010602','20010524'),
(3,4,14,'20010502','20010523','20010507'),
(176,4,23,'20010225','20010318','20010226'),
(40,5,15,'20161218','20170108',NULL),
(14,5,26,'20161218','20170108',NULL),
(25,5,26,'20161218','20170108',NULL),
(48,5,25,'20161212','20170102','20161222'),
(70,5,24,'20161211','20170101','20161218'),
(142,5,12,'20161207','20161228',NULL),
(45,5,12,'20161203','20161224','20161204'),
(165,5,18,'20161122','20161213','20161125'),
(24,5,4,'20161110','20161201','20161124'),
(103,5,18,'20161101','20161122','20161123'),
(76,5,23,'20161028','20161118','20161109'),
(71,5,11,'20160922','20161013','20160924'),
(68,5,2,'20160915','20161006','20160918'),
(36,5,26,'20160610','20160701','20160704'),
(92,5,25,'20160606','20160627','20160607'),
(191,5,21,'20160603','20160624','20160613'),
(97,5,6,'20160519','20160609','20160603'),
(130,5,3,'20160516','20160606','20160523'),
(27,5,12,'20160229','20160321','20160312'),
(119,5,5,'20160223','20160315','20160302'),
(135,5,7,'20160215','20160307','20160225'),
(111,5,19,'20160210','20160302','20160228'),
(170,5,24,'20160131','20160221','20160204'),
(61,5,6,'20160115','20160205','20160126'),
(111,5,20,'20151209','20151230','20151225'),
(103,5,12,'20151118','20151209','20151207'),
(30,5,20,'20151026','20151116','20151105'),
(42,5,19,'20151024','20151114','20151025'),
(60,5,20,'20151011','20151101','20151018'),
(19,5,7,'20151006','20151027','20151010'),
(184,5,18,'20151006','20151027','20151008'),
(22,5,5,'20150925','20151016','20150928'),
(60,5,10,'20150726','20150816','20150813'),
(131,5,4,'20150725','20150815','20150727'),
(158,5,2,'20150609','20150630','20150627'),
(43,5,6,'20150609','20150630','20150616'),
(8,5,14,'20150527','20150617','20150706'),
(140,5,18,'20150415','20150506','20150422'),
(105,5,7,'20150214','20150307','20150221'),
(112,5,2,'20150203','20150224','20150215'),
(76,5,25,'20141227','20150117','20150126'),
(184,5,3,'20141213','20150103','20141228'),
(116,5,11,'20141207','20141228','20141219'),
(15,5,19,'20141118','20141209','20141224'),
(37,5,6,'20141112','20141203','20141113'),
(105,5,21,'20141104','20141125','20141129'),
(153,5,14,'20141011','20141101','20141125'),
(28,5,2,'20141009','20141030','20141024'),
(181,5,26,'20140917','20141008','20141008'),
(42,5,2,'20140827','20140917','20140917'),
(33,5,5,'20140716','20140806','20140723'),
(86,5,18,'20140715','20140805','20140719'),
(25,5,13,'20140713','20140803','20140731'),
(98,5,6,'20140708','20140729','20140804'),
(171,5,14,'20140409','20140430','20140424'),
(31,5,11,'20140217','20140310','20140221'),
(149,5,14,'20131228','20140118','20131229'),
(186,5,20,'20131222','20140112','20131229'),
(47,5,6,'20131218','20140108','20131226'),
(154,5,15,'20131202','20131223','20131225'),
(196,5,1,'20131106','20131127','20131117'),
(13,5,5,'20131030','20131120','20131105'),
(29,5,14,'20131004','20131025','20131013'),
(71,5,24,'20130913','20131004','20130930'),
(185,5,12,'20130909','20130930','20131001'),
(187,5,21,'20130906','20130927','20130907'),
(193,5,6,'20130814','20130904','20130906'),
(113,5,16,'20130805','20130826','20130811'),
(8,5,6,'20130802','20130823','20130809'),
(107,5,18,'20130727','20130817','20130807'),
(96,5,14,'20130712','20130802','20130725'),
(118,5,4,'20130518','20130608','20130527'),
(77,5,5,'20130506','20130527','20130507'),
(115,5,15,'20130506','20130527','20130604'),
(47,5,12,'20130314','20130404','20130401'),
(4,5,18,'20130311','20130401','20130312'),
(136,5,16,'20130304','20130325','20130307'),
(191,5,21,'20130202','20130223','20130221'),
(16,5,15,'20130115','20130205','20130126'),
(143,5,16,'20130115','20130205','20130118'),
(121,5,1,'20121228','20130118','20121230'),
(181,5,14,'20121213','20130103','20130115'),
(124,5,5,'20121208','20121229','20121226'),
(134,5,14,'20121206','20121227','20121213'),
(40,5,11,'20121204','20121225','20130102'),
(41,5,20,'20121110','20121201','20121113'),
(187,5,4,'20121104','20121125','20121106'),
(22,5,25,'20121030','20121120','20121103'),
(125,5,13,'20121029','20121119','20121113'),
(129,5,8,'20121025','20121115','20121030'),
(42,5,2,'20121013','20121103','20121018'),
(151,5,6,'20121005','20121026','20121014'),
(106,5,24,'20121004','20121025','20121017'),
(12,5,6,'20120911','20121002','20120916'),
(146,5,20,'20120905','20120926','20120908'),
(120,5,7,'20120831','20120921','20120905'),
(154,5,25,'20120830','20120920','20121001'),
(20,5,2,'20120611','20120702','20120708'),
(51,5,7,'20120518','20120608','20120519'),
(189,5,24,'20120513','20120603','20120531'),
(162,5,23,'20120417','20120508','20120419'),
(143,5,6,'20120306','20120327','20120308'),
(92,5,1,'20120301','20120322','20120319'),
(116,5,6,'20120224','20120316','20120302'),
(7,5,1,'20120127','20120217','20120219'),
(198,5,7,'20120117','20120207','20120122'),
(186,5,3,'20120113','20120203','20120114'),
(93,5,3,'20111215','20120105','20111222'),
(33,5,10,'20111204','20111225','20111210'),
(136,5,11,'20111126','20111217','20111206'),
(153,5,21,'20111113','20111204','20111124'),
(160,5,27,'20111110','20111201','20111206'),
(99,5,13,'20111009','20111030','20111118'),
(56,5,16,'20111008','20111029','20111111'),
(153,5,13,'20110911','20111002','20110912'),
(42,5,23,'20110827','20110917','20110831'),
(178,5,2,'20110815','20110905','20110830'),
(13,5,2,'20110809','20110830','20110810'),
(165,5,7,'20110722','20110812','20110818'),
(170,5,2,'20110718','20110808','20110719'),
(168,5,16,'20110623','20110714','20110707'),
(2,5,13,'20110617','20110708','20110710'),
(72,5,21,'20110614','20110705','20110710'),
(116,5,23,'20110518','20110608','20110617'),
(194,5,6,'20110513','20110603','20110527'),
(165,5,15,'20110513','20110603','20110524'),
(3,5,3,'20110418','20110509','20110503'),
(175,5,11,'20110413','20110504','20110506'),
(174,5,7,'20110404','20110425','20110406'),
(36,5,16,'20110324','20110414','20110405'),
(197,5,25,'20110301','20110322','20110305'),
(6,5,19,'20110216','20110309','20110223'),
(133,5,23,'20110213','20110306','20110228'),
(176,5,25,'20110131','20110221','20110208'),
(164,5,5,'20110108','20110129','20110116'),
(5,5,5,'20101209','20101230','20101211'),
(149,5,11,'20101209','20101230','20101226'),
(179,5,12,'20101206','20101227','20101215'),
(17,5,13,'20101111','20101202','20101209'),
(131,5,26,'20101015','20101105','20101111'),
(125,5,10,'20101013','20101103','20101015'),
(105,5,12,'20101009','20101030','20101029'),
(15,5,27,'20100911','20101002','20100926'),
(40,5,25,'20100723','20100813','20100810'),
(109,5,2,'20100711','20100801','20100712'),
(194,5,1,'20100524','20100614','20100529'),
(26,5,25,'20100516','20100606','20100526'),
(130,5,13,'20100514','20100604','20100523'),
(65,5,13,'20100512','20100602','20100605'),
(139,5,4,'20100509','20100530','20100519'),
(152,5,11,'20100507','20100528','20100521'),
(120,5,2,'20100504','20100525','20100523'),
(7,5,1,'20100404','20100425','20100407'),
(91,5,18,'20100305','20100326','20100306'),
(63,5,16,'20100210','20100303','20100217'),
(30,5,15,'20100124','20100214','20100214'),
(74,5,4,'20100122','20100212','20100124'),
(112,5,14,'20091227','20100117','20091229'),
(146,5,2,'20091209','20091230','20091226'),
(194,5,19,'20091028','20091118','20091210'),
(64,5,23,'20091012','20091102','20091105'),
(70,5,1,'20090917','20091008','20090928'),
(157,5,23,'20090825','20090915','20090831'),
(128,5,10,'20090818','20090908','20090819'),
(113,5,21,'20090805','20090826','20090817'),
(13,5,1,'20090726','20090816','20090807'),
(21,5,4,'20090709','20090730','20090712'),
(67,5,3,'20090604','20090625','20090612'),
(105,5,15,'20090601','20090622','20090610'),
(199,5,7,'20090524','20090614','20090526'),
(7,5,4,'20090519','20090609','20090523'),
(153,5,12,'20090416','20090507','20090417'),
(139,5,1,'20090322','20090412','20090402'),
(92,5,5,'20090306','20090327','20090308'),
(118,5,3,'20090228','20090321','20090402'),
(196,5,5,'20090214','20090307','20090225'),
(199,5,15,'20090130','20090220','20090228'),
(112,5,1,'20090108','20090129','20090208'),
(18,5,19,'20081226','20090116','20081228'),
(156,5,3,'20081219','20090109','20081227'),
(184,5,6,'20081214','20090104','20081224'),
(8,5,8,'20081126','20081217','20081221'),
(3,5,3,'20081006','20081027','20081026'),
(195,5,25,'20080917','20081008','20080925'),
(127,5,1,'20080818','20080908','20080820'),
(151,5,13,'20080624','20080715','20080703'),
(92,5,16,'20080618','20080709','20080701'),
(141,5,7,'20080412','20080503','20080416'),
(34,5,5,'20080308','20080329','20080309'),
(80,5,1,'20080124','20080214','20080212'),
(2,5,26,'20080124','20080214','20080130'),
(155,5,21,'20071206','20071227','20071207'),
(72,5,8,'20071201','20071222','20071202'),
(106,5,18,'20071130','20071221','20080106'),
(39,5,24,'20071127','20071218','20071224'),
(68,5,24,'20071115','20071206','20071202'),
(60,5,16,'20071027','20071117','20071031'),
(183,5,27,'20070924','20071015','20071005'),
(28,5,12,'20070915','20071006','20070919'),
(98,5,1,'20070825','20070915','20070827'),
(118,5,27,'20070815','20070905','20070819'),
(144,5,27,'20070810','20070831','20070816'),
(57,5,18,'20070802','20070823','20070803'),
(58,5,16,'20070728','20070818','20070729'),
(84,5,16,'20070625','20070716','20070630'),
(13,5,1,'20070617','20070708','20070628'),
(123,5,25,'20070609','20070630','20070707'),
(121,5,8,'20070517','20070607','20070605'),
(178,5,23,'20070516','20070606','20070524'),
(179,5,16,'20070508','20070529','20070527'),
(66,5,16,'20070321','20070411','20070404'),
(110,5,4,'20070305','20070326','20070307'),
(43,5,14,'20070301','20070322','20070303'),
(142,5,21,'20070217','20070310','20070220'),
(83,5,12,'20070213','20070306','20070217'),
(188,5,5,'20070126','20070216','20070301'),
(2,5,16,'20070104','20070125','20070201'),
(178,5,23,'20061229','20070119','20070129'),
(111,5,12,'20061107','20061128','20061204'),
(119,5,27,'20061030','20061120','20061107'),
(144,5,14,'20061029','20061119','20061118'),
(115,5,8,'20061001','20061022','20061007'),
(200,5,15,'20060907','20060928','20060910'),
(163,5,2,'20060828','20060918','20060831'),
(148,5,21,'20060604','20060625','20060615'),
(89,5,12,'20060601','20060622','20060621'),
(177,5,8,'20060525','20060615','20060530'),
(37,5,8,'20060523','20060613','20060525'),
(101,5,24,'20051222','20060112','20060108'),
(105,5,6,'20051206','20051227','20051221'),
(3,5,21,'20051114','20051205','20051121'),
(87,5,6,'20051030','20051120','20051118'),
(19,5,24,'20051024','20051114','20051104'),
(138,5,4,'20051016','20051106','20051021'),
(128,5,12,'20051015','20051105','20051105'),
(168,5,13,'20051014','20051104','20051016'),
(187,5,7,'20051011','20051101','20051013'),
(77,5,6,'20051010','20051031','20051120'),
(38,5,26,'20050907','20050928','20050911'),
(172,5,21,'20050827','20050917','20050911'),
(25,5,21,'20050506','20050527','20050510'),
(97,5,6,'20050416','20050507','20050419'),
(138,5,26,'20050407','20050428','20050410'),
(162,5,19,'20050223','20050316','20050228'),
(168,5,25,'20050216','20050309','20050227'),
(200,5,23,'20050109','20050130','20050115'),
(198,5,26,'20050109','20050130','20050111'),
(176,5,24,'20050103','20050124','20050116'),
(17,5,27,'20041129','20041220','20041225'),
(18,5,7,'20041101','20041122','20041121'),
(119,5,18,'20041010','20041031','20041027'),
(8,5,3,'20041007','20041028','20041021'),
(199,5,10,'20040909','20040930','20040915'),
(56,5,1,'20040825','20040915','20040912'),
(103,5,7,'20040724','20040814','20040729'),
(120,5,2,'20040705','20040726','20040722'),
(37,5,7,'20040603','20040624','20040614'),
(195,5,14,'20040522','20040612','20040524'),
(90,5,20,'20040402','20040423','20040408'),
(40,5,4,'20040311','20040401','20040315'),
(64,5,1,'20040131','20040221','20040221'),
(112,5,15,'20040116','20040206','20040130'),
(6,5,11,'20031218','20040108','20031221'),
(189,5,7,'20031217','20040107','20031227'),
(159,5,6,'20031209','20031230','20031230'),
(136,5,2,'20031117','20031208','20031201'),
(62,5,14,'20031111','20031202','20031121'),
(140,5,14,'20031111','20031202','20031124'),
(54,5,3,'20031018','20031108','20031021'),
(154,5,24,'20031015','20031105','20031022'),
(175,5,15,'20030911','20031002','20031002'),
(96,5,21,'20030909','20030930','20030912'),
(1,5,18,'20030905','20030926','20030906'),
(162,5,1,'20030902','20030923','20030929'),
(129,5,14,'20030829','20030919','20030902'),
(93,5,14,'20030816','20030906','20030827'),
(1,5,12,'20030710','20030731','20030711'),
(52,5,25,'20030615','20030706','20030701'),
(181,5,4,'20030516','20030606','20030519'),
(134,5,7,'20030511','20030601','20030513'),
(10,5,11,'20030504','20030525','20030609'),
(18,5,21,'20030426','20030517','20030504'),
(161,5,7,'20030318','20030408','20030321'),
(50,5,2,'20030312','20030402','20030321'),
(175,5,3,'20030126','20030216','20030201'),
(114,5,21,'20030125','20030215','20030210'),
(155,5,4,'20030110','20030131','20030114'),
(79,5,13,'20021215','20030105','20021217'),
(107,5,20,'20021215','20030105','20021230'),
(148,5,7,'20021108','20021129','20021109'),
(61,5,4,'20021103','20021124','20021122'),
(80,5,4,'20021016','20021106','20021030'),
(11,5,4,'20020913','20021004','20020927'),
(13,5,7,'20020911','20021002','20021019'),
(21,5,4,'20020828','20020918','20020905'),
(192,5,19,'20020802','20020823','20020820'),
(151,5,21,'20020802','20020823','20020803'),
(78,5,3,'20020729','20020819','20020730'),
(16,5,26,'20020710','20020731','20020810'),
(184,5,26,'20020628','20020719','20020717'),
(33,5,6,'20020622','20020713','20020625'),
(139,5,18,'20020622','20020713','20020710'),
(143,5,19,'20020610','20020701','20020611'),
(156,5,10,'20020604','20020625','20020616'),
(148,5,19,'20020604','20020625','20020606'),
(73,5,16,'20020502','20020523','20020530'),
(175,5,16,'20020502','20020523','20020613'),
(50,5,19,'20020426','20020517','20020427'),
(139,5,2,'20020413','20020504','20020416'),
(80,5,12,'20020309','20020330','20020317'),
(194,5,6,'20020223','20020316','20020404'),
(11,5,24,'20020213','20020306','20020321'),
(16,5,15,'20020126','20020216','20020220'),
(136,5,12,'20020124','20020214','20020204'),
(194,5,7,'20011123','20011214','20011124'),
(86,5,21,'20011104','20011125','20011127'),
(32,5,5,'20010918','20011009','20011019'),
(106,5,7,'20010915','20011006','20011001'),
(29,5,6,'20010904','20010925','20010906'),
(13,5,21,'20010903','20010924','20011001'),
(152,5,4,'20010831','20010921','20010902'),
(56,5,24,'20010818','20010908','20010827'),
(115,5,18,'20010817','20010907','20010818'),
(200,5,7,'20010816','20010906','20010913'),
(44,5,12,'20010801','20010822','20010818'),
(2,5,10,'20010708','20010729','20010715'),
(174,5,21,'20010613','20010704','20010617'),
(86,5,1,'20010609','20010630','20010629'),
(29,5,20,'20010609','20010630','20010712'),
(30,5,12,'20010607','20010628','20010711'),
(84,5,12,'20010522','20010612','20010702'),
(157,5,18,'20010412','20010503','20010420'),
(3,5,25,'20010411','20010502','20010429'),
(198,5,7,'20010326','20010416','20010402'),
(117,5,13,'20010318','20010408','20010319'),
(189,5,12,'20010316','20010406','20010324'),
(136,5,21,'20010128','20010218','20010217'),
(4,5,26,'20010123','20010213','20010210'),
(26,5,11,'20010122','20010212','20010218'),
(91,6,5,'20161218','20170108','20161219'),
(163,6,14,'20161218','20170108',NULL),
(76,6,15,'20161218','20170108',NULL),
(156,6,15,'20161218','20170108',NULL),
(134,6,16,'20161218','20170108',NULL),
(67,6,26,'20161218','20170108',NULL),
(198,6,3,'20161209','20161230',NULL),
(185,6,25,'20161209','20161230','20161213'),
(104,6,3,'20161203','20161224','20161217'),
(17,6,21,'20161202','20161223','20161207'),
(100,6,3,'20161129','20161220','20161206'),
(5,6,21,'20161129','20161220',NULL),
(34,6,1,'20161128','20161219','20161203'),
(64,6,27,'20161117','20161208','20161119'),
(180,6,13,'20161103','20161124','20161114'),
(2,6,14,'20161018','20161108','20161021'),
(140,6,18,'20161016','20161106','20161019'),
(111,6,1,'20160926','20161017','20161014'),
(126,6,13,'20160918','20161009','20160919'),
(23,6,12,'20160907','20160928','20160924'),
(75,6,2,'20160811','20160901','20160814'),
(83,6,18,'20160802','20160823','20160902'),
(63,6,4,'20160715','20160805','20160725'),
(113,6,8,'20160714','20160804','20160729'),
(38,6,4,'20160630','20160721','20160713'),
(123,6,24,'20160525','20160615','20160526'),
(42,6,12,'20160524','20160614','20160525'),
(24,6,18,'20160523','20160613','20160602'),
(119,6,13,'20160513','20160603','20160518'),
(20,6,20,'20160427','20160518','20160508'),
(195,6,5,'20160325','20160415','20160425'),
(141,6,21,'20160324','20160414','20160401'),
(34,6,20,'20160318','20160408','20160423'),
(2,6,4,'20160312','20160402','20160315'),
(48,6,19,'20160203','20160224','20160206'),
(140,6,10,'20160131','20160221','20160210'),
(111,6,14,'20160123','20160213','20160212'),
(124,6,26,'20160116','20160206','20160129'),
(183,6,2,'20160115','20160205','20160127'),
(147,6,20,'20151210','20151231','20151229'),
(78,6,18,'20151029','20151119','20151111'),
(173,6,13,'20151026','20151116','20151031'),
(185,6,7,'20151019','20151109','20151020'),
(200,6,2,'20150904','20150925','20150907'),
(168,6,18,'20150817','20150907','20150820'),
(94,6,7,'20150814','20150904','20150827'),
(143,6,15,'20150809','20150830','20150822'),
(153,6,25,'20150802','20150823','20150829'),
(161,6,6,'20150717','20150807','20150812'),
(86,6,27,'20150708','20150729','20150813'),
(85,6,12,'20150625','20150716','20150725'),
(129,6,15,'20150617','20150708','20150704'),
(102,6,13,'20150604','20150625','20150617'),
(113,6,7,'20150502','20150523','20150503'),
(65,6,14,'20150425','20150516','20150427'),
(32,6,27,'20150403','20150424','20150411'),
(141,6,13,'20150319','20150409','20150320'),
(78,6,8,'20150317','20150407','20150321'),
(130,6,16,'20150211','20150304','20150220'),
(179,6,1,'20150127','20150217','20150224'),
(79,6,18,'20150122','20150212','20150123'),
(193,6,19,'20141231','20150121','20150131'),
(43,6,5,'20141218','20150108','20141225'),
(88,6,24,'20141207','20141228','20141217'),
(161,6,16,'20141017','20141107','20141023'),
(29,6,15,'20141009','20141030','20141017'),
(64,6,12,'20141001','20141022','20141013'),
(192,6,25,'20140929','20141020','20141007'),
(125,6,5,'20140917','20141008','20140920'),
(51,6,3,'20140829','20140919','20140907'),
(18,6,12,'20140714','20140804','20140801'),
(129,6,26,'20140702','20140723','20140723'),
(76,6,1,'20140701','20140722','20140702'),
(149,6,26,'20140613','20140704','20140617'),
(29,6,26,'20140518','20140608','20140609'),
(30,6,5,'20140417','20140508','20140501'),
(124,6,25,'20140407','20140428','20140408'),
(113,6,14,'20140323','20140413','20140416'),
(103,6,16,'20140307','20140328','20140311'),
(65,6,14,'20140130','20140220','20140216'),
(73,6,27,'20140107','20140128','20140129'),
(163,6,19,'20140105','20140126','20140109'),
(92,6,21,'20131012','20131102','20131022'),
(164,6,23,'20131010','20131031','20131025'),
(144,6,8,'20130930','20131021','20131102'),
(175,6,5,'20130926','20131017','20131102'),
(148,6,23,'20130925','20131016','20130929'),
(84,6,1,'20130825','20130915','20130827'),
(179,6,5,'20130730','20130820','20130807'),
(59,6,25,'20130730','20130820','20130731'),
(129,6,8,'20130729','20130819','20130730'),
(100,6,25,'20130724','20130814','20130725'),
(157,6,13,'20130723','20130813','20130726'),
(22,6,4,'20130615','20130706','20130622'),
(151,6,1,'20130614','20130705','20130628'),
(88,6,23,'20130610','20130701','20130715'),
(91,6,19,'20130530','20130620','20130708'),
(18,6,25,'20130528','20130618','20130611'),
(154,6,27,'20130505','20130526','20130529'),
(5,6,27,'20130428','20130519','20130502'),
(200,6,19,'20130319','20130409','20130323'),
(174,6,5,'20130227','20130320','20130228'),
(53,6,4,'20130225','20130318','20130302'),
(41,6,13,'20130216','20130309','20130224'),
(119,6,5,'20121214','20130104','20121215'),
(18,6,24,'20121116','20121207','20121118'),
(164,6,1,'20121111','20121202','20121113'),
(116,6,2,'20121009','20121030','20121117'),
(74,6,21,'20120929','20121020','20121008'),
(131,6,10,'20120709','20120730','20120816'),
(23,6,14,'20120709','20120730','20120806'),
(107,6,4,'20120623','20120714','20120629'),
(96,6,23,'20120622','20120713','20120626'),
(93,6,26,'20120609','20120630','20120610'),
(64,6,25,'20120526','20120616','20120617'),
(154,6,3,'20120525','20120615','20120604'),
(35,6,25,'20120509','20120530','20120602'),
(49,6,13,'20120423','20120514','20120507'),
(106,6,27,'20120417','20120508','20120430'),
(165,6,11,'20120401','20120422','20120420'),
(34,6,24,'20120305','20120326','20120329'),
(157,6,11,'20120228','20120320','20120305'),
(20,6,15,'20120226','20120318','20120302'),
(124,6,23,'20120218','20120310','20120314'),
(17,6,5,'20120212','20120304','20120225'),
(89,6,8,'20111228','20120118','20120117'),
(91,6,8,'20111122','20111213','20111124'),
(200,6,13,'20111117','20111208','20111121'),
(19,6,1,'20111110','20111201','20111212'),
(2,6,8,'20110930','20111021','20111002'),
(80,6,4,'20110831','20110921','20110905'),
(29,6,8,'20110824','20110914','20110828'),
(102,6,21,'20110814','20110904','20110925'),
(172,6,16,'20110728','20110818','20110906'),
(104,6,14,'20110715','20110805','20110723'),
(124,6,3,'20110529','20110619','20110607'),
(6,6,13,'20110428','20110519','20110514'),
(69,6,7,'20110426','20110517','20110510'),
(195,6,16,'20110405','20110426','20110415'),
(148,6,24,'20110325','20110415','20110420'),
(136,6,2,'20110305','20110326','20110325'),
(27,6,14,'20110222','20110315','20110323'),
(7,6,25,'20110118','20110208','20110119'),
(126,6,14,'20101130','20101221','20101214'),
(62,6,19,'20100925','20101016','20101009'),
(177,6,19,'20100918','20101009','20100919'),
(50,6,24,'20100917','20101008','20101009'),
(200,6,1,'20100904','20100925','20100907'),
(7,6,6,'20100903','20100924','20100911'),
(22,6,20,'20100801','20100822','20100805'),
(55,6,14,'20100706','20100727','20100709'),
(39,6,18,'20100602','20100623','20100606'),
(46,6,13,'20100412','20100503','20100517'),
(68,6,3,'20100409','20100430','20100510'),
(183,6,8,'20100402','20100423','20100404'),
(48,6,23,'20100130','20100220','20100131'),
(192,6,26,'20100115','20100205','20100121'),
(107,6,12,'20100112','20100202','20100203'),
(174,6,18,'20100110','20100131','20100122'),
(124,6,11,'20091231','20100121','20100107'),
(57,6,19,'20091211','20100101','20091222'),
(177,6,19,'20091124','20091215','20091202'),
(85,6,8,'20091108','20091129','20091115'),
(123,6,20,'20091102','20091123','20091117'),
(117,6,21,'20091023','20091113','20091108'),
(85,6,5,'20091013','20091103','20091017'),
(152,6,3,'20091010','20091031','20091024'),
(147,6,7,'20091009','20091030','20091020'),
(74,6,15,'20090929','20091020','20091022'),
(21,6,21,'20090918','20091009','20090924'),
(58,6,4,'20090905','20090926','20090927'),
(3,6,26,'20090830','20090920','20090907'),
(57,6,1,'20090816','20090906','20090904'),
(73,6,11,'20090630','20090721','20090721'),
(130,6,16,'20090628','20090719','20090714'),
(77,6,13,'20090528','20090618','20090529'),
(52,6,1,'20090502','20090523','20090510'),
(142,6,2,'20090410','20090501','20090519'),
(105,6,20,'20090409','20090430','20090410'),
(25,6,14,'20090330','20090420','20090413'),
(121,6,24,'20090329','20090419','20090401'),
(160,6,23,'20090327','20090417','20090412'),
(165,6,5,'20090323','20090413','20090405'),
(12,6,10,'20090307','20090328','20090312'),
(141,6,6,'20090201','20090222','20090223'),
(40,6,4,'20081219','20090109','20090113'),
(81,6,5,'20081108','20081129','20081124'),
(24,6,20,'20081002','20081023','20081003'),
(195,6,27,'20080826','20080916','20080922'),
(44,6,10,'20080814','20080904','20080816'),
(195,6,27,'20080806','20080827','20080807'),
(172,6,21,'20080803','20080824','20080805'),
(92,6,11,'20080717','20080807','20080720'),
(45,6,5,'20080705','20080726','20080710'),
(198,6,23,'20080607','20080628','20080620'),
(132,6,4,'20080601','20080622','20080711'),
(95,6,12,'20080531','20080621','20080617'),
(24,6,10,'20080527','20080617','20080608'),
(114,6,15,'20080523','20080613','20080623'),
(54,6,11,'20080513','20080603','20080517'),
(130,6,25,'20080426','20080517','20080429'),
(25,6,7,'20080424','20080515','20080426'),
(83,6,5,'20080410','20080501','20080420'),
(102,6,11,'20080408','20080429','20080422'),
(66,6,21,'20080402','20080423','20080422'),
(56,6,19,'20080329','20080419','20080404'),
(146,6,16,'20080309','20080330','20080314'),
(135,6,20,'20080309','20080330','20080404'),
(186,6,25,'20080226','20080318','20080322'),
(181,6,18,'20080212','20080304','20080223'),
(107,6,5,'20071229','20080119','20080107'),
(190,6,19,'20071224','20080114','20080111'),
(2,6,5,'20071211','20080101','20071221'),
(43,6,26,'20071210','20071231','20071211'),
(78,6,26,'20071208','20071229','20071209'),
(149,6,8,'20071206','20071227','20071229'),
(40,6,11,'20071206','20071227','20080101'),
(198,6,26,'20071203','20071224','20071207'),
(22,6,7,'20071202','20071223','20071212'),
(78,6,20,'20071101','20071122','20071214'),
(174,6,14,'20071012','20071102','20071119'),
(100,6,20,'20071012','20071102','20071105'),
(175,6,6,'20071007','20071028','20071102'),
(122,6,10,'20071004','20071025','20071112'),
(137,6,15,'20070911','20071002','20070912'),
(193,6,20,'20070818','20070908','20070920'),
(196,6,1,'20070728','20070818','20070822'),
(85,6,21,'20070726','20070816','20070801'),
(47,6,14,'20070717','20070807','20070721'),
(188,6,21,'20070716','20070806','20070813'),
(138,6,3,'20070623','20070714','20070627'),
(93,6,11,'20070606','20070627','20070612'),
(12,6,8,'20070425','20070516','20070501'),
(130,6,10,'20070425','20070516','20070429'),
(192,6,23,'20070410','20070501','20070419'),
(194,6,24,'20070409','20070430','20070415'),
(110,6,7,'20070401','20070422','20070403'),
(77,6,27,'20070316','20070406','20070330'),
(1,6,26,'20070310','20070331','20070407'),
(149,6,14,'20070228','20070321','20070319'),
(179,6,26,'20070218','20070311','20070223'),
(42,6,27,'20070202','20070223','20070225'),
(87,6,3,'20070130','20070220','20070201'),
(174,6,27,'20070130','20070220','20070218'),
(12,6,10,'20070118','20070208','20070221'),
(198,6,21,'20061212','20070102','20070101'),
(32,6,21,'20061113','20061204','20061114'),
(95,6,13,'20061106','20061127','20061112'),
(60,6,5,'20061102','20061123','20061118'),
(12,6,25,'20061101','20061122','20061113'),
(137,6,24,'20061013','20061103','20061030'),
(153,6,24,'20060923','20061014','20060925'),
(162,6,26,'20060903','20060924','20060922'),
(65,6,25,'20060715','20060805','20060722'),
(197,6,2,'20060704','20060725','20060709'),
(12,6,5,'20060529','20060619','20060621'),
(43,6,27,'20060518','20060608','20060607'),
(125,6,14,'20060422','20060513','20060529'),
(127,6,25,'20060322','20060412','20060327'),
(90,6,4,'20060314','20060404','20060320'),
(91,6,2,'20060104','20060125','20060119'),
(99,6,2,'20051114','20051205','20051210'),
(132,6,14,'20051114','20051205','20051117'),
(158,6,2,'20051028','20051118','20051125'),
(62,6,21,'20051016','20051106','20051017'),
(174,6,19,'20050923','20051014','20051008'),
(189,6,14,'20050901','20050922','20050922'),
(77,6,12,'20050830','20050920','20050924'),
(111,6,12,'20050827','20050917','20050913'),
(94,6,26,'20050817','20050907','20050822'),
(15,6,4,'20050812','20050902','20050905'),
(34,6,2,'20050805','20050826','20050806'),
(167,6,1,'20050714','20050804','20050715'),
(81,6,15,'20050713','20050803','20050718'),
(114,6,12,'20050607','20050628','20050621'),
(62,6,6,'20050428','20050519','20050519'),
(57,6,4,'20050324','20050414','20050414'),
(77,6,12,'20050323','20050413','20050403'),
(138,6,14,'20050321','20050411','20050329'),
(162,6,27,'20050130','20050220','20050131'),
(125,6,3,'20050105','20050126','20050108'),
(80,6,26,'20041130','20041221','20041207'),
(101,6,23,'20041104','20041125','20041106'),
(32,6,16,'20040929','20041020','20041028'),
(14,6,20,'20040908','20040929','20040928'),
(98,6,25,'20040905','20040926','20040913'),
(94,6,24,'20040822','20040912','20040825'),
(129,6,18,'20040815','20040905','20040905'),
(53,6,7,'20040729','20040819','20040902'),
(42,6,26,'20040703','20040724','20040718'),
(64,6,8,'20040701','20040722','20040718'),
(163,6,8,'20040616','20040707','20040621'),
(28,6,24,'20040610','20040701','20040703'),
(31,6,16,'20040523','20040613','20040608'),
(131,6,11,'20040314','20040404','20040315'),
(184,6,1,'20040313','20040403','20040403'),
(167,6,7,'20040309','20040330','20040313'),
(46,6,4,'20040307','20040328','20040314'),
(191,6,19,'20040215','20040307','20040220'),
(152,6,16,'20040209','20040301','20040225'),
(46,6,1,'20040203','20040224','20040305'),
(28,6,24,'20031202','20031223','20031220'),
(122,6,18,'20031109','20031130','20031110'),
(197,6,2,'20031019','20031109','20031023'),
(8,6,21,'20031011','20031101','20031014'),
(66,6,6,'20031008','20031029','20031012')
GO

INSERT INTO BOOK_LOANS
	VALUES
	(63,6,8,'20031008','20031029','20031027'),
(188,6,12,'20030929','20031020','20031006'),
(34,6,20,'20030901','20030922','20030903'),
(126,6,23,'20030731','20030821','20030817'),
(52,6,6,'20030726','20030816','20030805'),
(192,6,6,'20030718','20030808','20030721'),
(95,6,13,'20030712','20030802','20030722'),
(105,6,19,'20030530','20030620','20030627'),
(185,6,10,'20030526','20030616','20030626'),
(125,6,5,'20030511','20030601','20030603'),
(121,6,25,'20030510','20030531','20030518'),
(144,6,12,'20030411','20030502','20030413'),
(18,6,2,'20030117','20030207','20030201'),
(122,6,25,'20021229','20030119','20030103'),
(184,6,15,'20021228','20030118','20030123'),
(131,6,16,'20021111','20021202','20021112'),
(85,6,6,'20021103','20021124','20021109'),
(187,6,18,'20020928','20021019','20021010'),
(75,6,4,'20020914','20021005','20021006'),
(152,6,7,'20020905','20020926','20020917'),
(92,6,21,'20020903','20020924','20020908'),
(85,6,2,'20020805','20020826','20020821'),
(134,6,11,'20020702','20020723','20020707'),
(137,6,12,'20020626','20020717','20020710'),
(42,6,25,'20020614','20020705','20020706'),
(88,6,15,'20020530','20020620','20020702'),
(126,6,4,'20020511','20020601','20020513'),
(170,6,14,'20020326','20020416','20020331'),
(89,6,8,'20020316','20020406','20020322'),
(145,6,6,'20020117','20020207','20020128'),
(25,6,14,'20011228','20020118','20011231'),
(15,6,26,'20011228','20020118','20020104'),
(137,6,26,'20011207','20011228','20011208'),
(130,6,5,'20011128','20011219','20011213'),
(46,6,23,'20011124','20011215','20011207'),
(51,6,11,'20011109','20011130','20011112'),
(170,6,20,'20011108','20011129','20011114'),
(192,6,4,'20011107','20011128','20011126'),
(200,6,12,'20011104','20011125','20011105'),
(87,6,1,'20011103','20011124','20011114'),
(85,6,13,'20011101','20011122','20011128'),
(68,6,23,'20010902','20010923','20010906'),
(42,6,12,'20010718','20010808','20010723'),
(11,6,27,'20010611','20010702','20010620'),
(147,6,21,'20010519','20010609','20010605'),
(153,6,4,'20010423','20010514','20010501'),
(46,6,12,'20010418','20010509','20010420'),
(89,6,1,'20010417','20010508','20010430'),
(70,6,25,'20010326','20010416','20010415'),
(113,6,7,'20010310','20010331','20010327'),
(169,6,4,'20010218','20010311','20010220'),
(134,7,26,'20161218','20170108',NULL),
(164,7,27,'20161217','20170107',NULL),
(195,7,21,'20161216','20170106',NULL),
(48,7,27,'20161209','20161230','20161216'),
(57,7,20,'20161125','20161216','20161207'),
(17,7,8,'20161115','20161206','20161124'),
(108,7,26,'20161109','20161130','20161115'),
(125,7,23,'20161022','20161112','20161027'),
(128,7,4,'20160929','20161020','20161027'),
(121,7,11,'20160909','20160930','20160924'),
(163,7,16,'20160901','20160922','20160907'),
(48,7,24,'20160829','20160919','20160831'),
(177,7,12,'20160818','20160908','20160819'),
(112,7,20,'20160806','20160827','20160817'),
(3,7,6,'20160805','20160826','20160831'),
(139,7,26,'20160801','20160822','20160808'),
(6,7,5,'20160729','20160819','20160812'),
(58,7,7,'20160727','20160817','20160804'),
(24,7,3,'20160716','20160806','20160721'),
(111,7,12,'20160710','20160731','20160729'),
(14,7,26,'20160606','20160627','20160617'),
(177,7,21,'20160518','20160608','20160520'),
(172,7,18,'20160324','20160414','20160418'),
(191,7,19,'20160323','20160413','20160330'),
(101,7,23,'20160304','20160325','20160305'),
(39,7,15,'20160225','20160317','20160330'),
(81,7,5,'20160204','20160225','20160226'),
(192,7,21,'20160116','20160206','20160121'),
(170,7,5,'20160101','20160122','20160107'),
(113,7,20,'20160101','20160122','20160121'),
(19,7,3,'20151216','20160106','20151225'),
(51,7,23,'20151211','20160101','20151221'),
(167,7,20,'20151130','20151221','20151203'),
(87,7,6,'20151112','20151203','20151204'),
(110,7,25,'20151109','20151130','20151117'),
(35,7,24,'20151103','20151124','20151117'),
(99,7,12,'20151018','20151108','20151029'),
(54,7,15,'20150930','20151021','20151002'),
(125,7,2,'20150927','20151018','20151011'),
(168,7,27,'20150924','20151015','20150927'),
(127,7,8,'20150829','20150919','20150831'),
(65,7,7,'20150812','20150902','20150902'),
(191,7,21,'20150809','20150830','20150902'),
(30,7,14,'20150726','20150816','20150814'),
(18,7,25,'20150718','20150808','20150720'),
(66,7,3,'20150703','20150724','20150717'),
(21,7,8,'20150609','20150630','20150624'),
(95,7,24,'20150529','20150619','20150618'),
(168,7,14,'20150507','20150528','20150513'),
(79,7,5,'20150505','20150526','20150618'),
(118,7,18,'20150417','20150508','20150425'),
(168,7,3,'20150329','20150419','20150411'),
(104,7,19,'20150320','20150410','20150321'),
(170,7,20,'20150303','20150324','20150309'),
(135,7,7,'20150302','20150323','20150321'),
(175,7,14,'20150217','20150310','20150223'),
(45,7,21,'20150214','20150307','20150217'),
(16,7,13,'20150125','20150215','20150204'),
(22,7,7,'20141125','20141216','20141127'),
(146,7,20,'20141111','20141202','20141123'),
(135,7,14,'20141017','20141107','20141106'),
(135,7,24,'20141004','20141025','20141018'),
(194,7,11,'20141002','20141023','20141004'),
(101,7,8,'20140929','20141020','20141029'),
(57,7,2,'20140906','20140927','20141002'),
(181,7,15,'20140828','20140918','20140910'),
(102,7,16,'20140815','20140905','20140819'),
(112,7,6,'20140724','20140814','20140725'),
(88,7,3,'20140530','20140620','20140603'),
(192,7,12,'20140518','20140608','20140521'),
(122,7,7,'20140514','20140604','20140530'),
(111,7,26,'20140506','20140527','20140514'),
(163,7,21,'20140405','20140426','20140419'),
(142,7,16,'20140325','20140415','20140418'),
(125,7,13,'20140315','20140405','20140415'),
(134,7,7,'20140209','20140302','20140316'),
(141,7,25,'20140129','20140219','20140212'),
(72,7,18,'20140117','20140207','20140124'),
(78,7,16,'20131228','20140118','20140102'),
(39,7,25,'20131213','20140103','20131225'),
(97,7,6,'20131207','20131228','20131210'),
(30,7,7,'20131205','20131226','20131209'),
(94,7,20,'20131204','20131225','20131206'),
(51,7,8,'20131108','20131129','20131113'),
(62,7,7,'20131007','20131028','20131018'),
(41,7,18,'20131001','20131022','20131019'),
(199,7,24,'20130905','20130926','20130909'),
(35,7,14,'20130818','20130908','20130823'),
(159,7,10,'20130810','20130831','20130820'),
(179,7,5,'20130624','20130715','20130708'),
(55,7,23,'20130615','20130706','20130718'),
(184,7,13,'20130410','20130501','20130418'),
(79,7,23,'20130322','20130412','20130323'),
(26,7,5,'20130318','20130408','20130325'),
(173,7,5,'20130309','20130330','20130315'),
(127,7,27,'20130308','20130329','20130407'),
(5,7,6,'20130226','20130319','20130313'),
(198,7,16,'20130203','20130224','20130204'),
(135,7,16,'20130201','20130222','20130205'),
(129,7,3,'20121229','20130119','20121231'),
(116,7,3,'20121218','20130108','20130113'),
(56,7,7,'20121217','20130107','20130113'),
(84,7,18,'20121215','20130105','20130107'),
(29,7,27,'20121126','20121217','20121211'),
(19,7,24,'20121104','20121125','20121117'),
(92,7,10,'20121023','20121113','20121101'),
(118,7,27,'20120816','20120906','20120826'),
(53,7,1,'20120802','20120823','20120806'),
(157,7,4,'20120729','20120819','20120802'),
(152,7,1,'20120706','20120727','20120709'),
(17,7,23,'20120705','20120726','20120708'),
(151,7,2,'20120628','20120719','20120707'),
(93,7,21,'20120328','20120418','20120331'),
(139,7,14,'20120203','20120224','20120218'),
(32,7,16,'20120115','20120205','20120123'),
(49,7,21,'20111128','20111219','20111206'),
(153,7,26,'20111127','20111218','20111227'),
(16,7,13,'20111118','20111209','20111129'),
(9,7,1,'20111111','20111202','20111206'),
(176,7,10,'20110922','20111013','20111013'),
(57,7,5,'20110823','20110913','20110827'),
(28,7,11,'20110812','20110902','20110830'),
(85,7,23,'20110801','20110822','20110803'),
(30,7,13,'20110630','20110721','20110712'),
(182,7,25,'20110604','20110625','20110605'),
(66,7,26,'20110512','20110602','20110518'),
(109,7,5,'20110423','20110514','20110524'),
(116,7,25,'20110407','20110428','20110410'),
(58,7,15,'20110406','20110427','20110410'),
(120,7,11,'20110306','20110327','20110310'),
(1,7,25,'20110217','20110310','20110310'),
(150,7,11,'20110115','20110205','20110125'),
(55,7,26,'20110103','20110124','20110106'),
(9,7,2,'20101022','20101112','20101120'),
(177,7,11,'20101019','20101109','20101022'),
(38,7,7,'20101010','20101031','20101111'),
(197,7,2,'20101005','20101026','20101006'),
(49,7,3,'20100915','20101006','20101014'),
(91,7,18,'20100913','20101004','20100914'),
(127,7,23,'20100913','20101004','20100926'),
(14,7,25,'20100913','20101004','20100921'),
(112,7,11,'20100815','20100905','20100827'),
(75,7,24,'20100814','20100904','20100815'),
(79,7,21,'20100811','20100901','20100812'),
(6,7,11,'20100810','20100831','20100913'),
(104,7,27,'20100724','20100814','20100727'),
(111,7,8,'20100615','20100706','20100617'),
(134,7,20,'20100602','20100623','20100603'),
(40,7,3,'20100530','20100620','20100702'),
(26,7,13,'20100516','20100606','20100521'),
(71,7,12,'20100423','20100514','20100519'),
(106,7,3,'20100323','20100413','20100326'),
(175,7,24,'20100319','20100409','20100327'),
(47,7,18,'20100214','20100307','20100303'),
(178,7,21,'20100126','20100216','20100128'),
(21,7,11,'20100111','20100201','20100118'),
(24,7,24,'20100111','20100201','20100201'),
(90,7,14,'20091219','20100109','20091225'),
(76,7,7,'20091205','20091226','20091216'),
(43,7,19,'20091202','20091223','20091212'),
(12,7,24,'20091202','20091223','20100103'),
(24,7,21,'20091129','20091220','20091203'),
(42,7,4,'20091022','20091112','20091024'),
(83,7,26,'20090925','20091016','20090926'),
(72,7,20,'20090901','20090922','20090915'),
(95,7,27,'20090726','20090816','20090729'),
(39,7,16,'20090622','20090713','20090713'),
(10,7,18,'20090617','20090708','20090624'),
(123,7,15,'20090608','20090629','20090720'),
(130,7,21,'20090530','20090620','20090601'),
(75,7,1,'20090522','20090612','20090531'),
(147,7,27,'20090503','20090524','20090521'),
(150,7,11,'20090225','20090318','20090320'),
(165,7,5,'20090210','20090303','20090213'),
(194,7,14,'20090122','20090212','20090207'),
(29,7,14,'20090109','20090130','20090110'),
(85,7,11,'20081223','20090113','20090110'),
(77,7,14,'20080924','20081015','20080928'),
(17,7,16,'20080917','20081008','20081016'),
(181,7,2,'20080822','20080912','20080903'),
(177,7,19,'20080812','20080902','20080903'),
(41,7,2,'20080728','20080818','20080909'),
(183,7,3,'20080613','20080704','20080618'),
(18,7,24,'20080604','20080625','20080615'),
(121,7,19,'20080515','20080605','20080526'),
(43,7,20,'20080401','20080422','20080416'),
(140,7,6,'20080302','20080323','20080310'),
(20,7,16,'20080204','20080225','20080219'),
(196,7,13,'20080130','20080220','20080216'),
(50,7,13,'20080124','20080214','20080203'),
(95,7,23,'20080114','20080204','20080201'),
(156,7,8,'20080102','20080123','20080103'),
(128,7,2,'20071226','20080116','20080103'),
(51,7,16,'20071214','20080104','20071215'),
(164,7,12,'20071212','20080102','20080102'),
(160,7,5,'20071208','20071229','20071212'),
(9,7,24,'20071126','20071217','20071127'),
(138,7,10,'20071125','20071216','20071220'),
(196,7,20,'20071123','20071214','20071127'),
(133,7,25,'20071030','20071120','20071101'),
(123,7,5,'20070925','20071016','20070930'),
(28,7,7,'20070906','20070927','20070909'),
(189,7,16,'20070905','20070926','20070909'),
(169,7,27,'20070826','20070916','20070827'),
(116,7,10,'20070811','20070901','20070815'),
(91,7,19,'20070810','20070831','20070911'),
(119,7,27,'20070715','20070805','20070808'),
(98,7,1,'20070629','20070720','20070720'),
(148,7,24,'20070626','20070717','20070628'),
(176,7,27,'20070623','20070714','20070625'),
(157,7,20,'20070612','20070703','20070705'),
(179,7,5,'20070519','20070609','20070526'),
(17,7,16,'20070517','20070607','20070519'),
(84,7,5,'20070506','20070527','20070507'),
(106,7,19,'20070506','20070527','20070517'),
(175,7,18,'20070425','20070516','20070502'),
(99,7,4,'20070411','20070502','20070416'),
(158,7,11,'20070403','20070424','20070423'),
(20,7,21,'20070123','20070213','20070214'),
(67,7,15,'20070118','20070208','20070223'),
(25,7,14,'20070115','20070205','20070128'),
(141,7,13,'20070102','20070123','20070107'),
(18,7,3,'20061110','20061201','20061203'),
(153,7,12,'20061109','20061130','20061113'),
(146,7,23,'20061106','20061127','20061118'),
(103,7,24,'20061027','20061117','20061106'),
(139,7,19,'20061022','20061112','20061103'),
(18,7,12,'20061012','20061102','20061013'),
(52,7,6,'20060926','20061017','20060929'),
(47,7,24,'20060923','20061014','20061018'),
(113,7,2,'20060922','20061013','20061018'),
(125,7,4,'20060910','20061001','20060912'),
(168,7,5,'20060801','20060822','20060819'),
(49,7,2,'20060629','20060720','20060710'),
(171,7,16,'20060614','20060705','20060616'),
(159,7,8,'20060611','20060702','20060617'),
(191,7,2,'20060515','20060605','20060516'),
(15,7,15,'20060510','20060531','20060511'),
(152,7,20,'20060414','20060505','20060516'),
(118,7,1,'20060401','20060422','20060430'),
(88,7,1,'20060330','20060420','20060403'),
(5,7,20,'20060319','20060409','20060401'),
(83,7,6,'20060201','20060222','20060216'),
(152,7,25,'20060105','20060126','20060109'),
(131,7,19,'20051227','20060117','20060104'),
(103,7,8,'20051130','20051221','20060105'),
(37,7,13,'20051105','20051126','20051113'),
(73,7,4,'20051023','20051113','20051024'),
(90,7,10,'20050825','20050915','20050924'),
(157,7,27,'20050625','20050716','20050626'),
(113,7,26,'20050531','20050621','20050703'),
(143,7,19,'20050512','20050602','20050513'),
(87,7,21,'20050512','20050602','20050529'),
(27,7,10,'20050412','20050503','20050425'),
(93,7,3,'20050325','20050415','20050418'),
(141,7,4,'20050323','20050413','20050327'),
(173,7,1,'20050306','20050327','20050308'),
(171,7,19,'20050224','20050317','20050310'),
(61,7,7,'20050218','20050311','20050306'),
(50,7,1,'20050107','20050128','20050209'),
(143,7,11,'20050101','20050122','20050102'),
(115,7,7,'20041226','20050116','20050107'),
(172,7,23,'20041213','20050103','20050118'),
(98,7,13,'20041202','20041223','20041213'),
(176,7,3,'20041105','20041126','20041110'),
(41,7,16,'20041012','20041102','20041017'),
(65,7,23,'20041003','20041024','20041010'),
(56,7,21,'20040805','20040826','20040826'),
(66,7,12,'20040803','20040824','20040831'),
(127,7,23,'20040722','20040812','20040723'),
(128,7,21,'20040716','20040806','20040719'),
(123,7,13,'20040707','20040728','20040708'),
(128,7,27,'20040707','20040728','20040726'),
(18,7,10,'20040617','20040708','20040703'),
(33,7,10,'20040605','20040626','20040613'),
(143,7,26,'20040403','20040424','20040405'),
(47,7,8,'20040329','20040419','20040331'),
(119,7,23,'20040224','20040316','20040304'),
(37,7,11,'20040222','20040314','20040226'),
(150,7,14,'20040115','20040205','20040118'),
(78,7,19,'20031228','20040118','20040108'),
(107,7,12,'20031111','20031202','20031125'),
(124,7,8,'20031001','20031022','20031002'),
(194,7,3,'20030929','20031020','20031001'),
(119,7,2,'20030914','20031005','20030919'),
(69,7,18,'20030910','20031001','20030911'),
(6,7,23,'20030828','20030918','20030829'),
(168,7,7,'20030818','20030908','20030908'),
(135,7,18,'20030818','20030908','20030819'),
(1,7,12,'20030802','20030823','20030811'),
(96,7,16,'20030729','20030819','20030807'),
(194,7,20,'20030716','20030806','20030819'),
(121,7,25,'20030708','20030729','20030713'),
(5,7,6,'20030625','20030716','20030708'),
(145,7,11,'20030604','20030625','20030613'),
(66,7,4,'20030529','20030619','20030612'),
(132,7,10,'20030529','20030619','20030708'),
(79,7,24,'20030517','20030607','20030612'),
(150,7,6,'20030507','20030528','20030521'),
(98,7,19,'20030503','20030524','20030504'),
(136,7,1,'20030428','20030519','20030508'),
(91,7,13,'20030410','20030501','20030411'),
(98,7,27,'20030321','20030411','20030411'),
(9,7,25,'20030130','20030220','20030304'),
(178,7,23,'20030127','20030217','20030210'),
(11,7,23,'20030111','20030201','20030215'),
(61,7,6,'20021229','20030119','20030102'),
(187,7,26,'20021229','20030119','20030128'),
(171,7,21,'20021213','20030103','20021214'),
(151,7,24,'20021202','20021223','20021204'),
(140,7,18,'20021130','20021221','20021205'),
(22,7,25,'20021109','20021130','20021124'),
(71,7,18,'20021101','20021122','20021108'),
(149,7,27,'20020930','20021021','20021025'),
(26,7,19,'20020909','20020930','20020913'),
(7,7,16,'20020713','20020803','20020809'),
(49,7,14,'20020705','20020726','20020706'),
(60,7,21,'20020608','20020629','20020613'),
(72,7,20,'20020602','20020623','20020619'),
(40,7,4,'20020519','20020609','20020524'),
(5,7,23,'20020412','20020503','20020416'),
(32,7,5,'20020328','20020418','20020508'),
(66,7,20,'20020313','20020403','20020402'),
(29,7,26,'20020312','20020402','20020315'),
(105,7,15,'20020307','20020328','20020312'),
(27,7,24,'20020226','20020319','20020305'),
(193,7,26,'20020226','20020319','20020307'),
(11,7,8,'20020213','20020306','20020228'),
(95,7,5,'20020204','20020225','20020221'),
(105,7,4,'20020128','20020218','20020129'),
(199,7,26,'20020101','20020122','20020105'),
(138,7,26,'20011206','20011227','20011225'),
(65,7,26,'20011201','20011222','20011204'),
(162,7,8,'20011126','20011217','20011204'),
(22,7,20,'20011109','20011130','20011123'),
(188,7,11,'20011011','20011101','20011013'),
(114,7,21,'20010914','20011005','20011001'),
(128,7,23,'20010911','20011002','20011019'),
(43,7,15,'20010909','20010930','20010915'),
(58,7,3,'20010808','20010829','20010814'),
(124,7,5,'20010728','20010818','20010814'),
(148,7,3,'20010713','20010803','20010804'),
(19,7,23,'20010710','20010731','20010807'),
(187,7,25,'20010705','20010726','20010710'),
(112,7,27,'20010701','20010722','20010703'),
(145,7,27,'20010509','20010530','20010518'),
(36,7,10,'20010503','20010524','20010517'),
(42,7,12,'20010502','20010523','20010602'),
(69,7,8,'20010427','20010518','20010430'),
(120,7,7,'20010324','20010414','20010404'),
(167,7,18,'20010316','20010406','20010328'),
(106,7,6,'20010127','20010217','20010204'),
(128,8,4,'20161218','20170108',NULL),
(68,8,14,'20161218','20170108','20161222'),
(126,8,15,'20161218','20170108',NULL),
(161,8,26,'20161218','20170108',NULL),
(163,8,2,'20161216','20170106',NULL),
(173,8,14,'20161125','20161216','20161208'),
(161,8,25,'20161125','20161216','20161204'),
(198,8,13,'20161031','20161121','20161124'),
(169,8,16,'20161016','20161106','20161109'),
(71,8,7,'20160825','20160915','20160902'),
(181,8,19,'20160824','20160914','20160827'),
(49,8,15,'20160812','20160902','20160813'),
(124,8,12,'20160714','20160804','20160719'),
(167,8,8,'20160608','20160629','20160718'),
(127,8,11,'20160607','20160628','20160609'),
(16,8,19,'20160516','20160606','20160522'),
(113,8,21,'20160401','20160422','20160426'),
(117,8,27,'20160329','20160419','20160330'),
(93,8,11,'20160328','20160418','20160409'),
(93,8,21,'20160315','20160405','20160405'),
(102,8,25,'20160211','20160303','20160212'),
(35,8,15,'20160122','20160212','20160131'),
(122,8,10,'20151126','20151217','20151202'),
(108,8,6,'20151102','20151123','20151211'),
(188,8,11,'20150928','20151019','20151003'),
(71,8,10,'20150918','20151009','20150922'),
(85,8,21,'20150706','20150727','20150710'),
(75,8,21,'20150622','20150713','20150626'),
(63,8,5,'20150618','20150709','20150629'),
(195,8,6,'20150616','20150707','20150627'),
(58,8,20,'20150602','20150623','20150710'),
(133,8,5,'20150518','20150608','20150530'),
(131,8,12,'20150503','20150524','20150523'),
(128,8,13,'20150501','20150522','20150505'),
(180,8,24,'20150412','20150503','20150501'),
(76,8,25,'20150313','20150403','20150321'),
(179,8,14,'20150303','20150324','20150305'),
(56,8,27,'20150215','20150308','20150228'),
(133,8,1,'20150209','20150302','20150223'),
(200,8,2,'20141222','20150112','20141223'),
(63,8,4,'20141203','20141224','20141219'),
(88,8,20,'20141108','20141129','20141128'),
(11,8,13,'20141027','20141117','20141101'),
(194,8,20,'20141009','20141030','20141020'),
(161,8,14,'20140930','20141021','20141003'),
(13,8,10,'20140925','20141016','20141026'),
(198,8,27,'20140923','20141014','20141009'),
(99,8,21,'20140922','20141013','20141012'),
(160,8,13,'20140902','20140923','20140903'),
(111,8,20,'20140730','20140820','20140820'),
(29,8,12,'20140724','20140814','20140725'),
(121,8,8,'20140714','20140804','20140724'),
(115,8,18,'20140704','20140725','20140804'),
(6,8,16,'20140611','20140702','20140615'),
(39,8,15,'20140610','20140701','20140621'),
(197,8,7,'20140511','20140601','20140520'),
(190,8,5,'20140414','20140505','20140415'),
(113,8,18,'20140305','20140326','20140306'),
(77,8,16,'20140226','20140319','20140408'),
(126,8,12,'20140208','20140301','20140220'),
(28,8,23,'20140109','20140130','20140115'),
(11,8,3,'20131230','20140120','20140114'),
(76,8,23,'20131228','20140118','20140103'),
(39,8,25,'20131225','20140115','20140108'),
(36,8,2,'20131216','20140106','20131218'),
(126,8,20,'20131129','20131220','20131204'),
(123,8,25,'20131008','20131029','20131009'),
(11,8,25,'20131004','20131025','20131013'),
(156,8,15,'20130926','20131017','20131013'),
(27,8,16,'20130924','20131015','20130925'),
(8,8,4,'20130914','20131005','20131004'),
(96,8,4,'20130906','20130927','20130908'),
(17,8,6,'20130904','20130925','20130907'),
(178,8,27,'20130825','20130915','20130828'),
(32,8,27,'20130805','20130826','20130902'),
(99,8,5,'20130804','20130825','20130814'),
(85,8,7,'20130725','20130815','20130817'),
(141,8,25,'20130703','20130724','20130725'),
(61,8,2,'20130610','20130701','20130615'),
(107,8,15,'20130509','20130530','20130518'),
(25,8,14,'20130503','20130524','20130510'),
(11,8,10,'20130423','20130514','20130430'),
(29,8,5,'20130418','20130509','20130420'),
(13,8,16,'20130417','20130508','20130421'),
(40,8,18,'20130412','20130503','20130502'),
(133,8,11,'20130329','20130419','20130330'),
(136,8,8,'20130324','20130414','20130423'),
(166,8,4,'20130312','20130402','20130329'),
(57,8,8,'20130210','20130303','20130316'),
(46,8,11,'20130206','20130227','20130207'),
(172,8,13,'20130204','20130225','20130205'),
(184,8,1,'20121215','20130105','20121218'),
(46,8,8,'20121130','20121221','20121226'),
(72,8,13,'20121014','20121104','20121023'),
(134,8,8,'20121004','20121025','20121015'),
(69,8,1,'20120930','20121021','20121016'),
(150,8,2,'20120914','20121005','20121006'),
(25,8,10,'20120914','20121005','20121010'),
(69,8,27,'20120808','20120829','20120815'),
(68,8,2,'20120805','20120826','20120825'),
(78,8,16,'20120803','20120824','20120809'),
(106,8,7,'20120616','20120707','20120617'),
(70,8,10,'20120526','20120616','20120531'),
(22,8,27,'20120510','20120531','20120515'),
(71,8,6,'20120501','20120522','20120510'),
(75,8,8,'20120429','20120520','20120430'),
(75,8,21,'20120422','20120513','20120522'),
(140,8,13,'20120413','20120504','20120414'),
(59,8,3,'20120319','20120409','20120323'),
(172,8,20,'20120301','20120322','20120306'),
(74,8,1,'20120223','20120315','20120319'),
(98,8,14,'20120214','20120306','20120307'),
(54,8,27,'20111216','20120106','20111230'),
(24,8,4,'20111214','20120104','20111216'),
(59,8,7,'20111212','20120102','20111220'),
(56,8,18,'20111129','20111220','20111201'),
(173,8,11,'20111109','20111130','20111118'),
(185,8,1,'20111104','20111125','20111109'),
(163,8,25,'20111013','20111103','20111015'),
(133,8,23,'20111011','20111101','20111017'),
(193,8,3,'20110905','20110926','20110929'),
(97,8,6,'20110822','20110912','20110826'),
(178,8,18,'20110803','20110824','20110806'),
(30,8,23,'20110630','20110721','20110718'),
(62,8,15,'20110613','20110704','20110623'),
(19,8,21,'20110525','20110615','20110526'),
(124,8,6,'20110524','20110614','20110528'),
(55,8,21,'20110514','20110604','20110525'),
(197,8,8,'20110411','20110502','20110420'),
(47,8,18,'20110402','20110423','20110416'),
(10,8,19,'20110317','20110407','20110321'),
(53,8,18,'20110310','20110331','20110312'),
(66,8,12,'20110210','20110303','20110316'),
(73,8,13,'20110105','20110126','20110107'),
(116,8,16,'20110105','20110126','20110129'),
(142,8,11,'20101228','20110118','20110103'),
(178,8,23,'20101207','20101228','20110111'),
(48,8,20,'20101003','20101024','20101102'),
(137,8,20,'20100726','20100816','20100821'),
(37,8,7,'20100703','20100724','20100705'),
(167,8,5,'20100627','20100718','20100713'),
(110,8,19,'20100623','20100714','20100702'),
(102,8,20,'20100608','20100629','20100618'),
(107,8,8,'20100602','20100623','20100603'),
(84,8,12,'20100507','20100528','20100523'),
(184,8,8,'20100407','20100428','20100412'),
(146,8,7,'20100404','20100425','20100415'),
(82,8,5,'20100328','20100418','20100423'),
(8,8,7,'20100305','20100326','20100313'),
(38,8,7,'20100201','20100222','20100213'),
(96,8,16,'20091203','20091224','20091205'),
(7,8,1,'20091030','20091120','20091124'),
(198,8,25,'20091024','20091114','20091026'),
(80,8,6,'20090913','20091004','20091007'),
(150,8,27,'20090804','20090825','20090811'),
(168,8,3,'20090731','20090821','20090809'),
(1,8,21,'20090716','20090806','20090804'),
(147,8,5,'20090617','20090708','20090626'),
(88,8,26,'20090610','20090701','20090615'),
(122,8,8,'20090426','20090517','20090502'),
(52,8,15,'20090423','20090514','20090516'),
(148,8,5,'20090417','20090508','20090425'),
(147,8,1,'20090331','20090421','20090409'),
(195,8,16,'20090314','20090404','20090325'),
(115,8,24,'20090109','20090130','20090110'),
(120,8,2,'20090101','20090122','20090108'),
(165,8,6,'20081215','20090105','20090101'),
(153,8,12,'20081130','20081221','20081205'),
(45,8,24,'20081129','20081220','20081205'),
(110,8,15,'20081029','20081119','20081107'),
(8,8,12,'20081028','20081118','20081106'),
(78,8,27,'20081002','20081023','20081003'),
(147,8,27,'20080809','20080830','20080831'),
(11,8,2,'20080728','20080818','20080730'),
(69,8,25,'20080725','20080815','20080811'),
(53,8,23,'20080702','20080723','20080724'),
(136,8,8,'20080618','20080709','20080625'),
(102,8,14,'20080618','20080709','20080626'),
(17,8,13,'20080614','20080705','20080617'),
(28,8,13,'20080511','20080601','20080523'),
(70,8,5,'20080509','20080530','20080516'),
(74,8,20,'20080501','20080522','20080505'),
(110,8,15,'20080417','20080508','20080517'),
(50,8,25,'20080410','20080501','20080419'),
(28,8,5,'20080324','20080414','20080330'),
(194,8,24,'20080309','20080330','20080323'),
(61,8,3,'20080305','20080326','20080312'),
(62,8,8,'20080301','20080322','20080303'),
(142,8,19,'20080128','20080218','20080129'),
(3,8,15,'20080101','20080122','20080128'),
(112,8,18,'20071231','20080121','20080108'),
(167,8,5,'20071226','20080116','20080122'),
(170,8,26,'20071217','20080107','20071230'),
(23,8,10,'20071128','20071219','20071209'),
(185,8,4,'20071007','20071028','20071013'),
(11,8,4,'20071003','20071024','20071015'),
(21,8,6,'20070913','20071004','20070915'),
(45,8,2,'20070912','20071003','20071004'),
(139,8,25,'20070813','20070903','20070824'),
(60,8,14,'20070730','20070820','20070803'),
(104,8,5,'20070724','20070814','20070806'),
(140,8,15,'20070714','20070804','20070818'),
(185,8,3,'20070702','20070723','20070706'),
(103,8,14,'20070625','20070716','20070714'),
(199,8,14,'20070531','20070621','20070628'),
(100,8,10,'20070406','20070427','20070416'),
(55,8,23,'20070325','20070415','20070403'),
(83,8,13,'20070227','20070320','20070318'),
(117,8,20,'20070201','20070222','20070203'),
(111,8,25,'20070113','20070203','20070115'),
(5,8,26,'20070110','20070131','20070117'),
(138,8,13,'20061229','20070119','20070102'),
(182,8,15,'20061223','20070113','20061230'),
(72,8,14,'20061222','20070112','20070103'),
(197,8,5,'20061218','20070108','20070101'),
(69,8,12,'20061108','20061129','20061129'),
(183,8,12,'20061031','20061121','20061111'),
(162,8,10,'20061026','20061116','20061209'),
(200,8,27,'20060827','20060917','20060926'),
(56,8,25,'20060724','20060814','20060804'),
(53,8,8,'20060615','20060706','20060701'),
(47,8,27,'20060613','20060704','20060703'),
(41,8,15,'20060510','20060531','20060524'),
(126,8,25,'20060504','20060525','20060519'),
(63,8,6,'20060331','20060421','20060401'),
(33,8,27,'20060329','20060419','20060414'),
(184,8,1,'20060129','20060219','20060202'),
(19,8,4,'20060128','20060218','20060202'),
(101,8,3,'20060123','20060213','20060214'),
(70,8,1,'20060115','20060205','20060125'),
(128,8,8,'20060107','20060128','20060108'),
(136,8,1,'20051212','20060102','20060104'),
(72,8,23,'20051207','20051228','20051223'),
(57,8,14,'20051124','20051215','20051127'),
(75,8,12,'20051115','20051206','20051125'),
(15,8,15,'20051113','20051204','20051114'),
(24,8,14,'20051110','20051201','20051111'),
(178,8,14,'20051029','20051119','20051030'),
(56,8,14,'20051023','20051113','20051024'),
(14,8,10,'20051016','20051106','20051106'),
(171,8,3,'20050815','20050905','20050911'),
(160,8,13,'20050726','20050816','20050802'),
(102,8,26,'20050628','20050719','20050725'),
(118,8,18,'20050622','20050713','20050708'),
(172,8,20,'20050608','20050629','20050615'),
(31,8,15,'20050605','20050626','20050702'),
(184,8,26,'20050522','20050612','20050609'),
(65,8,3,'20050502','20050523','20050513'),
(181,8,5,'20050422','20050513','20050502'),
(177,8,15,'20050216','20050309','20050224'),
(140,8,15,'20050207','20050228','20050209'),
(38,8,24,'20050112','20050202','20050202'),
(121,8,4,'20050110','20050131','20050121'),
(138,8,19,'20041230','20050120','20041231'),
(55,8,5,'20041228','20050118','20050117'),
(8,8,16,'20041212','20050102','20041216'),
(185,8,12,'20041205','20041226','20041225'),
(162,8,23,'20041106','20041127','20041109'),
(129,8,25,'20041101','20041122','20041114'),
(145,8,1,'20041007','20041028','20041010'),
(169,8,14,'20040925','20041016','20041004'),
(4,8,1,'20040827','20040917','20040830'),
(17,8,24,'20040730','20040820','20040807'),
(110,8,3,'20040724','20040814','20040811'),
(11,8,20,'20040722','20040812','20040726'),
(157,8,4,'20040528','20040618','20040607'),
(33,8,1,'20040427','20040518','20040519'),
(193,8,4,'20040409','20040430','20040426'),
(130,8,6,'20040315','20040405','20040331'),
(86,8,21,'20040304','20040325','20040315'),
(58,8,7,'20040217','20040309','20040227'),
(20,8,21,'20031230','20040120','20040101'),
(86,8,3,'20031209','20031230','20031227'),
(16,8,16,'20031206','20031227','20031209'),
(69,8,20,'20031206','20031227','20031215'),
(194,8,25,'20031206','20031227','20031209'),
(83,8,14,'20031205','20031226','20031207'),
(171,8,20,'20031124','20031215','20031203'),
(158,8,15,'20031108','20031129','20031119'),
(58,8,16,'20031003','20031024','20031008'),
(94,8,10,'20030924','20031015','20031013'),
(190,8,27,'20030906','20030927','20030908'),
(183,8,8,'20030815','20030905','20030818'),
(47,8,25,'20030718','20030808','20030827'),
(46,8,20,'20030707','20030728','20030710'),
(72,8,18,'20030705','20030726','20030707'),
(54,8,20,'20030612','20030703','20030702'),
(148,8,14,'20030606','20030627','20030626'),
(112,8,13,'20030526','20030616','20030527'),
(76,8,26,'20030302','20030323','20030307'),
(106,8,25,'20030226','20030319','20030305'),
(61,8,26,'20030223','20030316','20030226'),
(192,8,10,'20030216','20030309','20030220'),
(165,8,10,'20030206','20030227','20030216'),
(102,8,4,'20030123','20030213','20030125'),
(35,8,16,'20030122','20030212','20030123'),
(105,8,27,'20030104','20030125','20030108'),
(149,8,21,'20021225','20030115','20030120'),
(174,8,18,'20021130','20021221','20021217'),
(10,8,18,'20021010','20021031','20021027'),
(37,8,11,'20021008','20021029','20021020'),
(75,8,25,'20020914','20021005','20020924'),
(102,8,12,'20020913','20021004','20020921'),
(41,8,7,'20020729','20020819','20020822'),
(170,8,18,'20020708','20020729','20020710'),
(177,8,14,'20020602','20020623','20020609'),
(169,8,7,'20020530','20020620','20020606'),
(182,8,5,'20020525','20020615','20020606'),
(122,8,16,'20020511','20020601','20020610'),
(123,8,20,'20020428','20020519','20020429'),
(83,8,15,'20020423','20020514','20020517'),
(95,8,20,'20020326','20020416','20020420'),
(182,8,2,'20020324','20020414','20020331'),
(186,8,3,'20020316','20020406','20020405'),
(177,8,18,'20020226','20020319','20020308'),
(174,8,10,'20020208','20020301','20020214'),
(15,8,13,'20020128','20020218','20020308'),
(93,8,4,'20020117','20020207','20020207'),
(106,8,5,'20020117','20020207','20020118'),
(106,8,12,'20011222','20020112','20020105'),
(173,8,5,'20011208','20011229','20011217'),
(58,8,3,'20011205','20011226','20011209'),
(61,8,8,'20011124','20011215','20011125'),
(110,8,3,'20011023','20011113','20011026'),
(83,8,11,'20011011','20011101','20011029'),
(83,8,26,'20011007','20011028','20011109'),
(85,8,3,'20010906','20010927','20010909'),
(172,8,2,'20010727','20010817','20010805'),
(105,8,27,'20010727','20010817','20010827'),
(153,8,18,'20010725','20010815','20010809'),
(158,8,13,'20010706','20010727','20010713'),
(143,8,4,'20010626','20010717','20010719'),
(71,8,7,'20010622','20010713','20010624'),
(169,8,13,'20010517','20010607','20010520'),
(65,8,3,'20010413','20010504','20010428'),
(51,8,12,'20010323','20010413','20010324'),
(128,8,14,'20010315','20010405','20010323'),
(131,8,3,'20010228','20010321','20010305'),
(12,9,15,'20161218','20170108',NULL),
(190,9,15,'20161218','20170108',NULL),
(12,9,7,'20161208','20161229','20161209'),
(155,9,16,'20161203','20161224','20161210'),
(138,9,12,'20161125','20161216','20161208'),
(190,9,2,'20161028','20161118','20161107'),
(73,9,6,'20161026','20161116','20161029'),
(135,9,7,'20161026','20161116','20161101'),
(175,9,7,'20161024','20161114','20161123'),
(145,9,27,'20161014','20161104','20161030'),
(27,9,23,'20161001','20161022','20161021'),
(10,9,25,'20160910','20161001','20160912'),
(179,9,16,'20160825','20160915','20160831'),
(122,9,8,'20160717','20160807','20160804'),
(131,9,6,'20160622','20160713','20160629'),
(158,9,8,'20160610','20160701','20160622'),
(172,9,3,'20160506','20160527','20160510'),
(54,9,11,'20160415','20160506','20160504'),
(24,9,12,'20160411','20160502','20160416'),
(164,9,4,'20160322','20160412','20160401'),
(29,9,18,'20160303','20160324','20160405'),
(44,9,20,'20160226','20160318','20160229'),
(26,9,27,'20160216','20160308','20160217'),
(110,9,25,'20160102','20160123','20160116'),
(9,9,10,'20151106','20151127','20151121'),
(152,9,19,'20151026','20151116','20151107'),
(175,9,13,'20151025','20151115','20151026'),
(135,9,12,'20151017','20151107','20151027'),
(130,9,18,'20150924','20151015','20150928'),
(13,9,2,'20150922','20151013','20150923'),
(25,9,25,'20150906','20150927','20151016'),
(198,9,15,'20150825','20150915','20150928'),
(77,9,14,'20150824','20150914','20150830'),
(133,9,23,'20150712','20150802','20150716'),
(64,9,7,'20150711','20150801','20150728'),
(98,9,12,'20150703','20150724','20150708'),
(69,9,8,'20150613','20150704','20150630'),
(72,9,4,'20150603','20150624','20150615'),
(4,9,25,'20150514','20150604','20150515'),
(135,9,16,'20150513','20150603','20150529'),
(181,9,27,'20150428','20150519','20150508'),
(10,9,5,'20150401','20150422','20150416'),
(170,9,27,'20150327','20150417','20150504'),
(61,9,23,'20150324','20150414','20150327'),
(164,9,11,'20150309','20150330','20150311'),
(21,9,8,'20150215','20150308','20150220'),
(97,9,18,'20150213','20150306','20150221'),
(28,9,1,'20150130','20150220','20150205'),
(41,9,4,'20150129','20150219','20150205'),
(108,9,10,'20141106','20141127','20141209'),
(122,9,13,'20141012','20141102','20141014'),
(170,9,24,'20140923','20141014','20140928'),
(167,9,11,'20140918','20141009','20141011'),
(194,9,20,'20140831','20140921','20140908'),
(46,9,8,'20140825','20140915','20140926'),
(14,9,2,'20140810','20140831','20140820'),
(116,9,26,'20140725','20140815','20140806'),
(155,9,19,'20140625','20140716','20140718'),
(128,9,16,'20140617','20140708','20140706'),
(54,9,23,'20140604','20140625','20140613'),
(132,9,12,'20140501','20140522','20140508'),
(138,9,23,'20140413','20140504','20140417'),
(124,9,4,'20140411','20140502','20140504'),
(70,9,18,'20140330','20140420','20140415'),
(102,9,7,'20140322','20140412','20140328'),
(58,9,15,'20140223','20140316','20140313'),
(78,9,23,'20140114','20140204','20140129'),
(73,9,23,'20140111','20140201','20140201'),
(102,9,10,'20140103','20140124','20140205'),
(25,9,27,'20131217','20140107','20131218'),
(170,9,25,'20131130','20131221','20131211'),
(16,9,15,'20131031','20131121','20131104'),
(27,9,15,'20131031','20131121','20131105'),
(144,9,13,'20131024','20131114','20131108'),
(129,9,25,'20131012','20131102','20131017'),
(62,9,11,'20131009','20131030','20131025'),
(104,9,16,'20131007','20131028','20131010'),
(102,9,15,'20130929','20131020','20131021'),
(72,9,18,'20130929','20131020','20131020'),
(114,9,12,'20130709','20130730','20130730'),
(74,9,6,'20130608','20130629','20130611'),
(73,9,14,'20130605','20130626','20130707'),
(78,9,2,'20130511','20130601','20130515'),
(186,9,3,'20130331','20130421','20130504'),
(51,9,20,'20130321','20130411','20130409'),
(112,9,1,'20130113','20130203','20130125'),
(138,9,15,'20121218','20130108','20121231'),
(67,9,18,'20121214','20130104','20121220'),
(8,9,11,'20121023','20121113','20121030'),
(66,9,15,'20121011','20121101','20121014'),
(77,9,6,'20121009','20121030','20121115'),
(147,9,6,'20120922','20121013','20120926'),
(139,9,23,'20120811','20120901','20120816'),
(112,9,16,'20120703','20120724','20120710'),
(187,9,27,'20120610','20120701','20120611'),
(190,9,7,'20120529','20120619','20120602'),
(93,9,4,'20120405','20120426','20120406'),
(75,9,24,'20120327','20120417','20120330'),
(31,9,14,'20120302','20120323','20120311'),
(159,9,10,'20120215','20120307','20120302'),
(190,9,14,'20120204','20120225','20120205'),
(5,9,5,'20120131','20120221','20120212'),
(164,9,25,'20120118','20120208','20120123'),
(131,9,12,'20120110','20120131','20120215'),
(87,9,3,'20111217','20120107','20120102'),
(66,9,13,'20111205','20111226','20111206'),
(95,9,14,'20111125','20111216','20111130'),
(107,9,27,'20111115','20111206','20111203'),
(108,9,3,'20111022','20111112','20111106'),
(12,9,18,'20110829','20110919','20110911'),
(55,9,6,'20110802','20110823','20110803'),
(92,9,14,'20110729','20110819','20110821'),
(90,9,7,'20110702','20110723','20110716'),
(180,9,12,'20110615','20110706','20110705'),
(31,9,26,'20110615','20110706','20110629'),
(171,9,11,'20110609','20110630','20110611'),
(77,9,14,'20110608','20110629','20110614'),
(153,9,4,'20110519','20110609','20110611'),
(187,9,10,'20110425','20110516','20110527'),
(80,9,18,'20110417','20110508','20110426'),
(161,9,16,'20110403','20110424','20110404'),
(189,9,19,'20110327','20110417','20110413'),
(150,9,18,'20110312','20110402','20110417'),
(136,9,2,'20110222','20110315','20110321'),
(43,9,13,'20110213','20110306','20110306'),
(38,9,8,'20110207','20110228','20110210'),
(122,9,24,'20110105','20110126','20110109'),
(181,9,6,'20101203','20101224','20101227'),
(87,9,19,'20101106','20101127','20101108'),
(181,9,1,'20101010','20101031','20101011'),
(196,9,7,'20100929','20101020','20101004'),
(133,9,21,'20100916','20101007','20100928'),
(52,9,2,'20100901','20100922','20100908'),
(82,9,13,'20100823','20100913','20100825'),
(31,9,24,'20100818','20100908','20100819'),
(144,9,19,'20100817','20100907','20100914'),
(45,9,21,'20100725','20100815','20100727'),
(71,9,10,'20100722','20100812','20100729'),
(54,9,6,'20100608','20100629','20100708'),
(21,9,3,'20100525','20100615','20100606'),
(106,9,10,'20100523','20100613','20100530'),
(106,9,16,'20100416','20100507','20100417'),
(140,9,8,'20100413','20100504','20100510'),
(12,9,2,'20100326','20100416','20100401'),
(170,9,16,'20100320','20100410','20100323'),
(138,9,25,'20100319','20100409','20100321'),
(135,9,23,'20100318','20100408','20100403'),
(160,9,11,'20100130','20100220','20100210'),
(100,9,16,'20100113','20100203','20100125'),
(200,9,6,'20100105','20100126','20100124'),
(135,9,18,'20091230','20100120','20100117'),
(138,9,20,'20091224','20100114','20091225'),
(65,9,4,'20091222','20100112','20091228'),
(186,9,26,'20091212','20100102','20100103'),
(77,9,11,'20091109','20091130','20091110'),
(40,9,26,'20091103','20091124','20091123'),
(32,9,18,'20091019','20091109','20091020'),
(114,9,1,'20090930','20091021','20091017'),
(155,9,2,'20090704','20090725','20090706'),
(182,9,14,'20090529','20090619','20090531'),
(41,9,2,'20090517','20090607','20090525'),
(104,9,24,'20090423','20090514','20090513'),
(77,9,8,'20090403','20090424','20090409'),
(147,9,20,'20090327','20090417','20090328'),
(10,9,5,'20090325','20090415','20090330'),
(147,9,19,'20090313','20090403','20090414'),
(151,9,25,'20090313','20090403','20090315'),
(34,9,3,'20090312','20090402','20090315'),
(138,9,14,'20090309','20090330','20090316'),
(3,9,12,'20090307','20090328','20090310'),
(128,9,3,'20090213','20090306','20090214'),
(194,9,4,'20090213','20090306','20090311'),
(79,9,6,'20090210','20090303','20090325'),
(194,9,15,'20090208','20090301','20090210'),
(2,9,24,'20090202','20090223','20090215'),
(53,9,14,'20090201','20090222','20090224'),
(194,9,19,'20090113','20090203','20090129'),
(197,9,6,'20090110','20090131','20090111'),
(167,9,16,'20081228','20090118','20081229'),
(14,9,2,'20081222','20090112','20081231'),
(11,9,10,'20081222','20090112','20081223'),
(76,9,2,'20081213','20090103','20090103'),
(135,9,24,'20081126','20081217','20081201'),
(98,9,2,'20081108','20081129','20081201'),
(161,9,16,'20081023','20081113','20081110'),
(57,9,26,'20081017','20081107','20081020'),
(158,9,15,'20080929','20081020','20080930'),
(192,9,8,'20080923','20081014','20081023'),
(83,9,12,'20080909','20080930','20080912'),
(88,9,15,'20080906','20080927','20080909'),
(199,9,4,'20080822','20080912','20080825'),
(160,9,7,'20080712','20080802','20080715'),
(13,9,16,'20080711','20080801','20080723'),
(97,9,25,'20080711','20080801','20080726'),
(4,9,10,'20080627','20080718','20080712'),
(185,9,2,'20080412','20080503','20080416'),
(142,9,10,'20080411','20080502','20080426'),
(34,9,13,'20080406','20080427','20080419'),
(48,9,1,'20080203','20080224','20080304'),
(122,9,8,'20080109','20080130','20080129'),
(61,9,7,'20080107','20080128','20080118'),
(147,9,18,'20071213','20080103','20071226'),
(5,9,5,'20071128','20071219','20071217'),
(170,9,3,'20071125','20071216','20071127'),
(8,9,10,'20071007','20071028','20071020'),
(55,9,20,'20070930','20071021','20071022'),
(187,9,27,'20070908','20070929','20070914'),
(140,9,6,'20070905','20070926','20070910'),
(115,9,14,'20070902','20070923','20070903'),
(126,9,14,'20070816','20070906','20070817'),
(137,9,18,'20070804','20070825','20070831'),
(183,9,8,'20070802','20070823','20070821'),
(136,9,7,'20070723','20070813','20070812'),
(108,9,14,'20070629','20070720','20070803'),
(128,9,12,'20070610','20070701','20070615'),
(183,9,15,'20070609','20070630','20070613'),
(163,9,6,'20070530','20070620','20070616'),
(82,9,11,'20070430','20070521','20070526'),
(147,9,4,'20070425','20070516','20070525'),
(21,9,2,'20070411','20070502','20070425'),
(162,9,10,'20070409','20070430','20070410'),
(67,9,4,'20070408','20070429','20070409'),
(72,9,5,'20070328','20070418','20070420'),
(182,9,3,'20070322','20070412','20070323'),
(73,9,6,'20070224','20070317','20070311'),
(161,9,15,'20070217','20070310','20070314'),
(81,9,23,'20070201','20070222','20070203'),
(152,9,13,'20070114','20070204','20070202'),
(175,9,10,'20061203','20061224','20061206'),
(96,9,18,'20061130','20061221','20061201'),
(182,9,6,'20061104','20061125','20061114'),
(19,9,6,'20061018','20061108','20061103'),
(40,9,4,'20061001','20061022','20061003'),
(91,9,7,'20060930','20061021','20061002'),
(65,9,4,'20060903','20060924','20060920'),
(3,9,20,'20060829','20060919','20060905'),
(138,9,19,'20060817','20060907','20060825'),
(82,9,6,'20060718','20060808','20060725'),
(24,9,3,'20060706','20060727','20060717'),
(43,9,2,'20060614','20060705','20060701'),
(87,9,5,'20060608','20060629','20060609'),
(145,9,21,'20060514','20060604','20060520'),
(191,9,25,'20060423','20060514','20060517'),
(75,9,1,'20060416','20060507','20060420'),
(75,9,7,'20060406','20060427','20060413'),
(104,9,12,'20060223','20060316','20060228'),
(93,9,10,'20060215','20060308','20060309'),
(16,9,8,'20060207','20060228','20060213'),
(90,9,8,'20060207','20060228','20060212'),
(199,9,1,'20060122','20060212','20060128'),
(177,9,25,'20060115','20060205','20060217'),
(142,9,23,'20060103','20060124','20060117'),
(167,9,12,'20051230','20060120','20060108'),
(2,9,3,'20051217','20060107','20051219'),
(71,9,6,'20051207','20051228','20051210'),
(108,9,11,'20051031','20051121','20051104'),
(66,9,12,'20051023','20051113','20051105'),
(110,9,12,'20050922','20051013','20051001'),
(138,9,23,'20050726','20050816','20050801')
GO

INSERT INTO BOOK_LOANS
	VALUES
	(88,9,18,'20050701','20050722','20050729'),
(127,9,6,'20050628','20050719','20050704'),
(91,9,21,'20050615','20050706','20050618'),
(136,9,19,'20050601','20050622','20050604'),
(113,9,15,'20050514','20050604','20050522'),
(51,9,27,'20050502','20050523','20050508'),
(96,9,7,'20050401','20050422','20050403'),
(161,9,15,'20050320','20050410','20050329'),
(182,9,7,'20050310','20050331','20050313'),
(21,9,19,'20050124','20050214','20050129'),
(17,9,13,'20050107','20050128','20050119'),
(104,9,27,'20050105','20050126','20050122'),
(193,9,2,'20041219','20050109','20041220'),
(51,9,21,'20041209','20041230','20041226'),
(74,9,23,'20041206','20041227','20041217'),
(61,9,12,'20041115','20041206','20041118'),
(144,9,5,'20041103','20041124','20041107'),
(65,9,19,'20041009','20041030','20041030'),
(4,9,14,'20040907','20040928','20040913'),
(200,9,21,'20040731','20040821','20040820'),
(78,9,11,'20040701','20040722','20040702'),
(56,9,23,'20040627','20040718','20040701'),
(47,9,4,'20040614','20040705','20040616'),
(107,9,11,'20040612','20040703','20040701'),
(152,9,27,'20040604','20040625','20040707'),
(25,9,24,'20040601','20040622','20040606'),
(72,9,24,'20040531','20040621','20040607'),
(134,9,23,'20040324','20040414','20040426'),
(49,9,3,'20040222','20040314','20040223'),
(102,9,14,'20040115','20040205','20040127'),
(169,9,18,'20040105','20040126','20040106'),
(81,9,10,'20031228','20040118','20040108'),
(35,9,27,'20031226','20040116','20040106'),
(185,9,16,'20031202','20031223','20031207'),
(56,9,26,'20031122','20031213','20031128'),
(106,9,2,'20031116','20031207','20031127'),
(19,9,2,'20031110','20031201','20031128'),
(129,9,7,'20031018','20031108','20031019'),
(176,9,25,'20031017','20031107','20031031'),
(153,9,13,'20031015','20031105','20031116'),
(11,9,5,'20030829','20030919','20030831'),
(153,9,25,'20030827','20030917','20030901'),
(12,9,27,'20030826','20030916','20030827'),
(190,9,12,'20030719','20030809','20030725'),
(196,9,10,'20030717','20030807','20030806'),
(167,9,15,'20030712','20030802','20030717'),
(12,9,5,'20030617','20030708','20030622'),
(141,9,15,'20030605','20030626','20030606'),
(77,9,25,'20030513','20030603','20030514'),
(129,9,11,'20030406','20030427','20030407'),
(57,9,7,'20030318','20030408','20030328'),
(63,9,7,'20030213','20030306','20030224'),
(62,9,27,'20030213','20030306','20030226'),
(91,9,13,'20030123','20030213','20030221'),
(20,9,5,'20021215','20030105','20030119'),
(114,9,24,'20021027','20021117','20021030'),
(104,9,3,'20021022','20021112','20021106'),
(52,9,24,'20021017','20021107','20021027'),
(120,9,27,'20021011','20021101','20021015'),
(183,9,4,'20021009','20021030','20021013'),
(82,9,8,'20020914','20021005','20020918'),
(118,9,21,'20020904','20020925','20020912'),
(140,9,27,'20020818','20020908','20020821'),
(40,9,24,'20020811','20020901','20020817'),
(148,9,21,'20020616','20020707','20020621'),
(189,9,19,'20020604','20020625','20020605'),
(49,9,18,'20020603','20020624','20020612'),
(43,9,8,'20020522','20020612','20020525'),
(55,9,26,'20020522','20020612','20020601'),
(151,9,16,'20020519','20020609','20020521'),
(141,9,7,'20020513','20020603','20020517'),
(124,9,15,'20020430','20020521','20020511'),
(186,9,26,'20020430','20020521','20020502'),
(20,9,26,'20020414','20020505','20020425'),
(69,9,24,'20020320','20020410','20020324'),
(3,9,1,'20020210','20020303','20020211'),
(98,9,6,'20020118','20020208','20020202'),
(104,9,1,'20020112','20020202','20020128'),
(63,9,3,'20011219','20020109','20011220'),
(15,9,23,'20011207','20011228','20011216'),
(159,9,10,'20011111','20011202','20011205'),
(147,9,14,'20011111','20011202','20011112'),
(87,9,3,'20011003','20011024','20011008'),
(19,9,16,'20010731','20010821','20010808'),
(177,9,1,'20010724','20010814','20010812'),
(2,9,11,'20010723','20010813','20010830'),
(103,9,4,'20010710','20010731','20010722'),
(176,9,10,'20010629','20010720','20010630'),
(36,9,24,'20010603','20010624','20010707'),
(192,9,25,'20010527','20010617','20010531'),
(80,9,7,'20010526','20010616','20010613'),
(5,9,3,'20010516','20010606','20010529'),
(31,9,10,'20010323','20010413','20010422'),
(114,9,27,'20010322','20010412','20010328'),
(128,9,18,'20010319','20010409','20010320'),
(21,9,13,'20010318','20010408','20010320'),
(186,9,2,'20010218','20010311','20010219'),
(54,9,8,'20010217','20010310','20010228'),
(164,9,1,'20010214','20010307','20010324'),
(62,10,1,'20161208','20161229',NULL),
(198,10,1,'20161208','20161229',NULL),
(114,10,3,'20161208','20161229',NULL),
(6,10,4,'20161208','20161229',NULL),
(129,10,4,'20161208','20161229',NULL),
(10,10,5,'20161208','20161229',NULL),
(43,10,5,'20161208','20161229',NULL),
(76,10,5,'20161208','20161229',NULL),
(140,10,5,'20161208','20161229',NULL),
(35,10,6,'20161208','20161229',NULL),
(139,10,8,'20161208','20161229',NULL),
(63,10,10,'20161208','20161229',NULL),
(61,10,11,'20161208','20161229',NULL),
(122,10,11,'20161208','20161229',NULL),
(129,10,12,'20161208','20161229',NULL),
(197,10,12,'20161208','20161229',NULL),
(8,10,14,'20161208','20161229',NULL),
(22,10,14,'20161208','20161229',NULL),
(75,10,14,'20161208','20161229',NULL),
(98,10,14,'20161208','20161229',NULL),
(140,10,15,'20161208','20161229',NULL),
(149,10,15,'20161208','20161229',NULL),
(151,10,15,'20161208','20161229',NULL),
(42,10,16,'20161208','20161229',NULL),
(89,10,16,'20161208','20161229',NULL),
(110,10,16,'20161208','20161229',NULL),
(130,10,18,'20161208','20161229',NULL),
(140,10,19,'20161208','20161229',NULL),
(99,10,23,'20161208','20161229',NULL),
(35,10,25,'20161208','20161229',NULL),
(59,10,2,'20161207','20161228',NULL),
(139,10,2,'20161207','20161228','20161213'),
(3,10,7,'20161207','20161228',NULL),
(141,10,7,'20161207','20161228',NULL),
(23,10,8,'20161207','20161228',NULL),
(87,10,8,'20161207','20161228',NULL),
(101,10,10,'20161207','20161228',NULL),
(109,10,10,'20161207','20161228',NULL),
(165,10,10,'20161207','20161228',NULL),
(63,10,11,'20161207','20161228',NULL),
(123,10,11,'20161207','20161228',NULL),
(141,10,11,'20161207','20161228',NULL),
(165,10,13,'20161207','20161228',NULL),
(197,10,13,'20161207','20161228',NULL),
(107,10,14,'20161207','20161228',NULL),
(151,10,14,'20161207','20161228',NULL),
(6,10,15,'20161207','20161228',NULL),
(95,10,16,'20161207','20161228',NULL),
(128,10,16,'20161207','20161228',NULL),
(145,10,18,'20161207','20161228',NULL),
(30,10,19,'20161207','20161228',NULL),
(121,10,20,'20161207','20161228',NULL),
(191,10,20,'20161207','20161228',NULL),
(55,10,21,'20161207','20161228',NULL),
(200,10,24,'20161207','20161228',NULL),
(180,10,25,'20161207','20161228',NULL),
(190,10,25,'20161207','20161228',NULL),
(31,10,1,'20161206','20161227',NULL),
(197,10,1,'20161206','20161227',NULL),
(32,10,2,'20161206','20161227',NULL),
(166,10,3,'20161206','20161227',NULL),
(145,10,6,'20161206','20161227',NULL),
(157,10,6,'20161206','20161227',NULL),
(193,10,7,'20161206','20161227',NULL),
(54,10,8,'20161206','20161227',NULL),
(101,10,10,'20161206','20161227',NULL),
(118,10,10,'20161206','20161227',NULL),
(71,10,12,'20161206','20161227',NULL),
(190,10,13,'20161206','20161227',NULL),
(65,10,15,'20161206','20161227',NULL),
(95,10,15,'20161206','20161227',NULL),
(166,10,16,'20161206','20161227',NULL),
(37,10,19,'20161206','20161227',NULL),
(38,10,19,'20161206','20161227',NULL),
(113,10,19,'20161206','20161227',NULL),
(24,10,20,'20161206','20161227',NULL),
(50,10,20,'20161206','20161227',NULL),
(38,10,23,'20161206','20161227',NULL),
(46,10,24,'20161206','20161227',NULL),
(116,10,24,'20161206','20161227',NULL),
(107,10,25,'20161206','20161227',NULL),
(35,10,26,'20161206','20161227',NULL),
(133,10,26,'20161206','20161227',NULL),
(131,10,27,'20161206','20161227',NULL),
(64,10,1,'20161205','20161226',NULL),
(91,10,2,'20161205','20161226',NULL),
(158,10,2,'20161205','20161226',NULL),
(18,10,4,'20161205','20161226',NULL),
(19,10,4,'20161205','20161226',NULL),
(155,10,4,'20161205','20161226',NULL),
(186,10,4,'20161205','20161226',NULL),
(88,10,5,'20161205','20161226',NULL),
(117,10,6,'20161205','20161226',NULL),
(11,10,7,'20161205','20161226',NULL),
(82,10,7,'20161205','20161226',NULL),
(1,10,8,'20161205','20161226',NULL),
(47,10,8,'20161205','20161226',NULL),
(177,10,8,'20161205','20161226',NULL),
(106,10,10,'20161205','20161226',NULL),
(153,10,11,'20161205','20161226',NULL),
(63,10,12,'20161205','20161226',NULL),
(155,10,13,'20161205','20161226',NULL),
(28,10,14,'20161205','20161226',NULL),
(105,10,14,'20161205','20161226',NULL),
(107,10,14,'20161205','20161226',NULL),
(62,10,15,'20161205','20161226',NULL),
(134,10,15,'20161205','20161226',NULL),
(29,10,19,'20161205','20161226',NULL),
(73,10,20,'20161205','20161226',NULL),
(150,10,21,'20161205','20161226',NULL),
(192,10,21,'20161205','20161226',NULL),
(163,10,23,'20161205','20161226',NULL),
(199,10,25,'20161205','20161226',NULL),
(94,10,3,'20161204','20161225',NULL),
(1,10,5,'20161204','20161225',NULL),
(90,10,5,'20161204','20161225',NULL),
(146,10,7,'20161204','20161225',NULL),
(131,10,8,'20161204','20161225',NULL),
(3,10,10,'20161204','20161225',NULL),
(70,10,10,'20161204','20161225',NULL),
(109,10,12,'20161204','20161225',NULL),
(7,10,13,'20161204','20161225',NULL),
(96,10,14,'20161204','20161225',NULL),
(81,10,15,'20161204','20161225',NULL),
(36,10,19,'20161204','20161225',NULL),
(97,10,20,'20161204','20161225',NULL),
(21,10,25,'20161204','20161225',NULL),
(64,10,25,'20161204','20161225',NULL),
(96,10,26,'20161204','20161225',NULL),
(140,10,26,'20161204','20161225',NULL),
(179,10,27,'20161204','20161225',NULL),
(187,10,27,'20161204','20161225',NULL),
(114,10,1,'20161203','20161224',NULL),
(19,10,3,'20161203','20161224',NULL),
(56,10,3,'20161203','20161224',NULL),
(91,10,4,'20161203','20161224',NULL),
(164,10,5,'20161203','20161224',NULL),
(192,10,5,'20161203','20161224',NULL),
(109,10,8,'20161203','20161224',NULL),
(148,10,12,'20161203','20161224',NULL),
(152,10,12,'20161203','20161224',NULL),
(73,10,16,'20161203','20161224',NULL),
(76,10,16,'20161203','20161224',NULL),
(120,10,16,'20161203','20161224',NULL),
(79,10,18,'20161203','20161224',NULL),
(78,10,19,'20161203','20161224',NULL),
(29,10,20,'20161203','20161224',NULL),
(145,10,20,'20161203','20161224',NULL),
(160,10,20,'20161203','20161224',NULL),
(198,10,20,'20161203','20161224',NULL),
(74,10,21,'20161203','20161224',NULL),
(115,10,21,'20161203','20161224',NULL),
(115,10,21,'20161203','20161224',NULL),
(14,10,23,'20161203','20161224',NULL),
(173,10,24,'20161203','20161224',NULL),
(12,10,25,'20161203','20161224',NULL),
(139,10,25,'20161203','20161224',NULL),
(20,10,26,'20161203','20161224',NULL),
(68,10,26,'20161203','20161224',NULL),
(143,10,27,'20161203','20161224',NULL),
(147,10,3,'20161004','20161025','20161014'),
(182,10,23,'20160725','20160815','20160728'),
(200,10,27,'20160615','20160706','20160626'),
(135,10,19,'20160608','20160629','20160618'),
(18,10,23,'20160529','20160619','20160613'),
(4,10,4,'20160517','20160607','20160518'),
(149,10,5,'20160229','20160321','20160305'),
(86,10,24,'20160211','20160303','20160214'),
(11,10,23,'20151219','20160109','20160103'),
(9,10,23,'20151213','20160103','20151228'),
(18,10,5,'20151207','20151228','20151208'),
(2,10,12,'20151110','20151201','20151116'),
(32,10,8,'20151015','20151105','20151016'),
(124,10,8,'20150809','20150830','20150828'),
(124,10,12,'20150606','20150627','20150626'),
(59,10,7,'20150418','20150509','20150426'),
(148,10,3,'20150406','20150427','20150414'),
(107,10,4,'20150118','20150208','20150119'),
(118,10,18,'20141225','20150115','20141230'),
(137,10,13,'20141212','20150102','20141223'),
(195,10,25,'20140606','20140627','20140607'),
(148,10,7,'20140414','20140505','20140416'),
(73,10,3,'20140330','20140420','20140426'),
(178,10,7,'20140324','20140414','20140329'),
(40,10,7,'20140222','20140315','20140325'),
(35,10,5,'20131210','20131231','20131219'),
(117,10,8,'20131201','20131222','20131204'),
(167,10,18,'20131023','20131113','20131116'),
(34,10,11,'20131002','20131023','20131011'),
(191,10,2,'20130915','20131006','20131004'),
(32,10,23,'20130905','20130926','20130910'),
(34,10,5,'20130816','20130906','20130908'),
(172,10,27,'20130517','20130607','20130623'),
(7,10,2,'20130503','20130524','20130525'),
(57,10,24,'20130410','20130501','20130421'),
(186,10,6,'20130228','20130321','20130304'),
(113,10,27,'20130203','20130224','20130205'),
(156,10,5,'20121129','20121220','20121216'),
(187,10,2,'20120727','20120817','20120826'),
(153,10,3,'20120709','20120730','20120722'),
(34,10,27,'20120615','20120706','20120707'),
(131,10,20,'20120611','20120702','20120616'),
(84,10,6,'20120606','20120627','20120624'),
(117,10,27,'20120604','20120625','20120605'),
(3,10,5,'20120529','20120619','20120601'),
(44,10,14,'20120522','20120612','20120627'),
(82,10,24,'20120418','20120509','20120420'),
(62,10,13,'20120415','20120506','20120416'),
(148,10,25,'20120214','20120306','20120215'),
(184,10,23,'20120203','20120224','20120207'),
(88,10,7,'20120122','20120212','20120131'),
(15,10,26,'20111109','20111130','20111127'),
(78,10,10,'20111019','20111109','20111020'),
(139,10,25,'20110913','20111004','20110914'),
(167,10,5,'20110912','20111003','20110930'),
(87,10,20,'20110901','20110922','20110928'),
(173,10,26,'20110824','20110914','20110909'),
(94,10,1,'20110408','20110429','20110427'),
(71,10,1,'20110407','20110428','20110504'),
(148,10,14,'20110329','20110419','20110424'),
(79,10,5,'20110228','20110321','20110301'),
(177,10,10,'20110222','20110315','20110302'),
(63,10,23,'20101201','20101222','20101220'),
(188,10,13,'20101111','20101202','20101125'),
(141,10,24,'20101104','20101125','20101215'),
(18,10,24,'20100906','20100927','20100928'),
(188,10,6,'20100718','20100808','20100728'),
(72,10,3,'20100706','20100727','20100716'),
(187,10,11,'20100212','20100305','20100223'),
(118,10,24,'20090917','20091008','20090919'),
(100,10,16,'20090614','20090705','20090615'),
(10,10,13,'20090518','20090608','20090522'),
(67,10,5,'20090319','20090409','20090323'),
(124,10,4,'20090117','20090207','20090128'),
(73,10,11,'20090101','20090122','20090106'),
(155,10,26,'20081210','20081231','20081215'),
(118,10,25,'20081129','20081220','20081201'),
(181,10,27,'20080829','20080919','20080916'),
(116,10,12,'20080828','20080918','20080912'),
(22,10,4,'20080728','20080818','20080802'),
(191,10,24,'20080724','20080814','20080805'),
(58,10,27,'20080622','20080713','20080624'),
(151,10,25,'20080607','20080628','20080625'),
(180,10,5,'20080429','20080520','20080504'),
(23,10,14,'20080229','20080321','20080301'),
(165,10,11,'20080206','20080227','20080210'),
(56,10,27,'20071224','20080114','20080114'),
(114,10,8,'20071212','20080102','20080121'),
(90,10,15,'20071110','20071201','20071116'),
(10,10,4,'20071106','20071127','20071107'),
(11,10,20,'20071102','20071123','20071113'),
(184,10,7,'20070813','20070903','20070829'),
(176,10,14,'20070624','20070715','20070713'),
(11,10,26,'20070514','20070604','20070515'),
(199,10,4,'20070323','20070413','20070427'),
(43,10,10,'20070129','20070219','20070204'),
(94,10,21,'20070122','20070212','20070205'),
(123,10,20,'20061218','20070108','20070101'),
(57,10,27,'20061206','20061227','20061217'),
(186,10,10,'20061112','20061203','20061116'),
(66,10,19,'20060901','20060922','20061001'),
(62,10,3,'20060428','20060519','20060520'),
(92,10,5,'20060415','20060506','20060426'),
(104,10,11,'20060407','20060428','20060408'),
(188,10,5,'20060305','20060326','20060309'),
(20,10,25,'20060302','20060323','20060304'),
(127,10,26,'20060217','20060310','20060308'),
(158,10,7,'20060205','20060226','20060227'),
(137,10,27,'20060107','20060128','20060108'),
(48,10,3,'20051205','20051226','20051207'),
(164,10,15,'20051103','20051124','20051113'),
(104,10,1,'20051004','20051025','20051012'),
(33,10,24,'20050930','20051021','20051006'),
(187,10,7,'20050824','20050914','20050916'),
(100,10,11,'20050625','20050716','20050630'),
(136,10,8,'20050618','20050709','20050712'),
(99,10,18,'20050606','20050627','20050611'),
(32,10,23,'20050510','20050531','20050610'),
(96,10,21,'20050319','20050409','20050330'),
(42,10,21,'20050128','20050218','20050207'),
(137,10,25,'20050111','20050201','20050112'),
(89,10,7,'20041208','20041229','20041218'),
(162,10,20,'20041125','20041216','20041127'),
(12,10,20,'20041101','20041122','20041102'),
(169,10,2,'20041027','20041117','20041101'),
(12,10,27,'20041022','20041112','20041101'),
(29,10,1,'20040904','20040925','20040925'),
(103,10,8,'20040904','20040925','20040911'),
(146,10,6,'20040730','20040820','20040803'),
(34,10,19,'20040715','20040805','20040818'),
(24,10,11,'20040614','20040705','20040618'),
(79,10,18,'20040415','20040506','20040529'),
(107,10,4,'20040315','20040405','20040402'),
(78,10,12,'20040206','20040227','20040212'),
(190,10,4,'20040109','20040130','20040111'),
(93,10,3,'20031015','20031105','20031017'),
(90,10,6,'20030809','20030830','20030821'),
(158,10,6,'20030723','20030813','20030725'),
(177,10,11,'20030719','20030809','20030817'),
(128,10,8,'20030708','20030729','20030720'),
(56,10,5,'20030627','20030718','20030726'),
(16,10,21,'20030430','20030521','20030503'),
(68,10,19,'20030224','20030317','20030317'),
(146,10,25,'20030224','20030317','20030313'),
(200,10,6,'20030213','20030306','20030214'),
(89,10,19,'20030122','20030212','20030125'),
(137,10,8,'20021228','20030118','20030103'),
(96,10,18,'20021102','20021123','20021105'),
(119,10,24,'20021029','20021119','20021031'),
(139,10,5,'20020711','20020801','20020722'),
(182,10,18,'20020702','20020723','20020713'),
(156,10,12,'20020625','20020716','20020724'),
(57,10,13,'20020608','20020629','20020610'),
(200,10,25,'20020218','20020311','20020220'),
(67,10,20,'20011228','20020118','20020122'),
(5,10,6,'20010909','20010930','20010910'),
(146,10,11,'20010624','20010715','20010727'),
(184,10,19,'20010624','20010715','20010627'),
(22,10,27,'20010218','20010311','20010301')
GO

CREATE TABLE LIBRARY_BRANCH
	(
	BranchId int PRIMARY KEY NOT NULL,
	BranchName varchar(30) NOT NULL,
	Address varchar(90)
	)
GO

INSERT INTO LIBRARY_BRANCH
	VALUES
	(1,'Sharpstown','7567 8th Drive , Nicholasville, KY 40356'),
	(2,'Central','291 Homewood St. , Opa Locka, FL 33054'),
	(3,'Faroff','8528 Fairground Rd. , Princeton, NJ 08540'),
	(4,'Rapid City','8 Glendale Drive , Rapid City, SD 57701'),
	(5,'Roanoke','16 East Cherry Road , Roanoke, VA 24012'),
	(6,'Bridle','68 Bridle Ave. , Roswell, GA 30075'),
	(7,'Torrington','13 Green Lake St. , Torrington, CT 06790'),
	(8,'Trenton','625 Cross Avenue , Trenton, NJ 08610'),
	(9,'St.Marrysworth','522 Old York St. , Vincentown, NJ 08088'),
	(10,'Willamsport','140 Brookside Street , Williamsport, PA 17701')
GO

CREATE TABLE BORROWER
	(
	CardNo int PRIMARY KEY NOT NULL,
	Name varchar(30) NOT NULL,
	Address varchar(90),
	Phone varchar(20)
	)
GO

INSERT INTO BORROWER
	VALUES
	(1,'Walter Tran','7537 Smith Store Road , Auburn, NY 13021','516-609-2121'),
	(2,'Jermaine Kim','40 Selby Street , Bloomfield, NJ 07003','855-201-7354'),
	(3,'Darlene Quinn','7312 Circle St. , Bradenton, FL 34203','774-301-9262'),
	(4,'Arlene Curtis','993 S. Clinton Street , Branford, CT 06405','739-521-4248'),
	(5,'Cheryl Mccoy','7334 Aspen Lane , Champlin, MN 55316','321-353-7344'),
	(6,'Norman Baker','9111 North Addison St. , Easley, SC 29640','699-360-5696'),
	(7,'Brad Delgado','542 Smoky Hollow St. , Enfield, CT 06082','455-704-3232'),
	(8,'Natalie Collins','9177 Henry Road , Florence, SC 29501','497-960-7091'),
	(9,'Rebecca Bell','9 Johnson Drive , Fort Dodge, IA 50501','336-459-7605'),
	(10,'Dana Day','9013 Walt Whitman Dr. , Franklin, MA 02038','445-028-6736'),
	(11,'Roger Collier','9360 Hilldale Drive , Galloway, OH 43119','605-003-3499'),
	(12,'Marcos Moss','540 Smoky Hollow St. , Glen Allen, VA 23059','683-099-8003'),
	(13,'Anne Santiago','81 South Penn Drive , Grove City, OH 43123','223-020-5709'),
	(14,'Stella Hampton','633 West Country St. , Hackensack, NJ 07601','641-666-1628'),
	(15,'Joanne Martin','9379 Cross Ave. , Harlingen, TX 78552','433-280-7103'),
	(16,'Ronald Holloway','9806 Lower River Lane , Hazleton, PA 18201','365-557-2694'),
	(17,'Terri Figueroa','8187 Colonial Ave. , Highland, IN 46322','240-321-2943'),
	(18,'Irving Waters','57 Country Drive , Honolulu, HI 96815','414-195-9880'),
	(19,'Reginald Sutton','20 River Ave. , Hope Mills, NC 28348','504-176-3861'),
	(20,'Martha Copeland','7 Old Manor Drive , Jeffersonville, IN 47130','802-610-8408'),
	(21,'Meredith Moody','8607 Pilgrim Rd. , Kingsport, TN 37660','754-419-6541'),
	(22,'Katrina Welch','7 West Edgewood Dr. , La Vergne, TN 37086','728-488-8801'),
	(23,'Celia Pratt','613 Kingston Ave. , Lombard, IL 60148','230-402-8246'),
	(24,'Joyce Mack','60 Selby Street , Mason, OH 45040','231-579-8531'),
	(25,'Jimmy Lowe','7 South Briarwood St. , Milford, MA 01757','848-271-6956'),
	(26,'Darnell Gill','8204 Lexington Dr. , Missoula, MT 59801','721-661-2406'),
	(27,'Charlotte Erickson','72 Gonzales Street , Natick, MA 01760','191-046-8327')
GO